source_seed_label,distribution,specialist_regime_id,regime_key,status,skip_reason,n_scenarios,n_exact_scenarios,n_neighbor_scenarios,n_neighbor_regimes,neighborhood_used,neighborhood_trigger_scenarios,n_train_scenarios,n_heldout_scenarios,specialist_seed,ga_candidate_k,ga_candidate_source,ga_candidate_protected_elite,protected_elite_origin,protected_elite_one_stage_only,n_protected_elites_competing,ga_robust_q95_mse,ga_robust_mean_mse,gate_pass,final_selected_type,final_selected_estimator,final_selected_q95_mse,final_selected_mean_mse,best_benchmark_q95_estimator,best_benchmark_mean_estimator,ga_rel_improvement_q95,ga_rel_improvement_mean,profile_audit_run,profile_audit_scope,profile_match_level,profile_audit_n_available,profile_audit_n_scenarios,profile_audit_excluded_source_scenarios,profile_audit_num_samples,profile_audit_bootstrap_B,profile_audit_seed,profile_audit_ga_q95_mse,profile_audit_ga_mean_mse,profile_to_heldout_q95_ratio,profile_to_heldout_mean_ratio,profile_audit_gate_pass,profile_audit_final_selected_type,profile_audit_final_selected_estimator,profile_audit_best_benchmark_q95_estimator,profile_audit_best_benchmark_mean_estimator,profile_audit_best_benchmark_q95_mse,profile_audit_best_benchmark_mean_mse,profile_audit_rel_improvement_q95,profile_audit_rel_improvement_mean,profile_audit_interpretation,global_audit_run,global_audit_scenario_frac,global_audit_min_scenarios,global_audit_n_scenarios,global_audit_num_samples,global_audit_bootstrap_B,global_audit_seed,global_audit_ga_q95_mse,global_audit_ga_mean_mse,heldout_ga_q95_mse,heldout_ga_mean_mse,global_to_heldout_q95_ratio,global_to_heldout_mean_ratio,global_audit_gate_pass,global_audit_final_selected_type,global_audit_final_selected_estimator,global_audit_best_benchmark_q95_estimator,global_audit_best_benchmark_mean_estimator,global_audit_best_benchmark_q95_mse,global_audit_best_benchmark_mean_mse,global_audit_rel_improvement_q95,global_audit_rel_improvement_mean,global_audit_interpretation,experimental_condition_key,condition_summary,shape_regime,tail_regime,mechanism_regime,contamination_regime,contamination_direction,contamination_structure,rate_regime,scale_regime,scale_group_regime,rate_regime_order,scale_regime_order,scale_group_regime_order,severity_regime,sample_size_regime,exact_contamination_rates,exact_outlier_scales,exact_contamination_types,exact_sample_sizes,w_mean,w_median,w_trimmed20,w_harmonic,w_geometric,w_mode_hsm,w_mode_parzen,w_trimean,w_huber,w_biweight,w_winsorized_0.05,w_winsorized_0.1,w_winsorized_0.2,w_mom_k5,w_mom_k10,w_mom_k20,w_catoni_a0.05,w_catoni_a0.1,w_catoni_a0.2,w_catoni_a0.35,w_catoni_a0.5,w_huber_k0.75,w_huber_k1,w_huber_k1.345,w_huber_k1.75,w_huber_k2,winner_weight_vector,specialist_halving_rung,n_stage1_candidates,n_final_survivors,specialist_halving_keep_frac,specialist_halving_stage1_budget_frac,specialist_stage1_gens_frac,specialist_final_gens_frac,specialist_stage1_pop_size,specialist_final_pop_size
seed101,exgaussian,REG01,exgaussian | gaussian_core_right_skewed_tail | exponential_right_tail | symmetric | clustered | moderate | low_scale,evaluated,,24,4,20,2,True,10,17,7,95102,1,current_specialist_finalist,False,,False,1,0.0240545054010088,0.0062919590739993,False,benchmark,huber,0.0229368626373204,0.0054148480343152,huber,biweight,-0.0487269240485038,-0.1619825771589012,True,intra_family_profile_matched_fixed_weight_no_retraining,family_direction_structure_adjacent_rate_scale,24,24,24,20,40,298972232,0.0232523355613503,0.0052570253362369,0.9666519919136832,0.8355148648574864,False,benchmark,huber_k2,huber_k2,huber_k2,0.0195514796291267,0.0044862586115668,-0.1892877675877228,-0.171806128721845,benchmark_dominant_local_and_profile,True,0.1,24,24,20,40,298972232,0.0232523355613503,0.0052570253362369,0.0240545054010088,0.0062919590739993,0.9666519919136832,0.8355148648574864,False,benchmark,huber_k2,huber_k2,huber_k2,0.0195514796291267,0.0044862586115668,-0.1892877675877228,-0.171806128721845,benchmark_dominant_local_and_profile,exgaussian | gaussian_core_right_skewed_tail | exponential_right_tail | contaminated | symmetric | clustered | moderate | low_scale | moderate_severity,shape=gaussian_core_right_skewed_tail | tail=exponential_right_tail | contamination=contaminated | direction=symmetric | structure=clustered | severity=moderate_severity | rates={0.05;0.1} | scales={1.5;3} | types={clustered_symmetric},gaussian_core_right_skewed_tail,exponential_right_tail,clustered_symmetric,contaminated,symmetric,clustered,moderate,low_scale,low_scale,2,1,1,moderate_severity,,0.05;0.1,1.5;3,clustered_symmetric,300;500;1000,0.0039780468649984,0.1158806305036778,0.0479264934954043,1e-12,1e-12,0.0157700111822663,0.00026907100158108163,0.0246739004837024,0.2534067934583881,0.1231927587479721,0.0033519329299368,0.0054145127057649,0.0078760855929052,0.0032530273645002,0.0054606278024226,0.0506289616986642,0.0034357265101439,0.0117553528625281,0.0099713812051596,0.0163695410674824,0.0081841402481269,0.0156925028371575,0.03608805177138,0.0929703222255376,0.0086770144292278,0.1357731130090708,0.00397805;0.11588063;0.04792649;0;0;0.01577001;0.00026907;0.0246739;0.25340679;0.12319276;0.00335193;0.00541451;0.00787609;0.00325303;0.00546063;0.05062896;0.00343573;0.01175535;0.00997138;0.01636954;0.00818414;0.0156925;0.03608805;0.09297032;0.00867701;0.13577311,final_full_budget,5,3,0.5,0.5,0.25,1,,100
seed101,exgaussian,REG02,exgaussian | gaussian_core_right_skewed_tail | exponential_right_tail | symmetric | heavy_tailed_t | low | low_scale,evaluated,,20,4,16,2,True,10,14,6,95103,3,current_specialist_finalist,False,,False,0,0.0187498959778608,0.0050849237861009,False,benchmark,biweight,0.016591411733577,0.0046292639209805,biweight,biweight,-0.1300964787574666,-0.0984303061566472,True,intra_family_profile_matched_fixed_weight_no_retraining,family_direction_adjacent_rate_scale,44,24,20,20,40,1438617527,0.0200852951252292,0.0046022381367238,1.0712216829295471,0.9050751455505492,False,benchmark,huber_k2,huber_k2,huber_k2,0.0155868776717181,0.0038773001225117,-0.2886028586331159,-0.1869697962807002,benchmark_dominant_local_and_profile,True,0.1,24,24,20,40,1438617527,0.0200852951252292,0.0046022381367238,0.0187498959778608,0.0050849237861009,1.0712216829295471,0.9050751455505492,False,benchmark,huber_k2,huber_k2,huber_k2,0.0155868776717181,0.0038773001225117,-0.2886028586331159,-0.1869697962807002,benchmark_dominant_local_and_profile,exgaussian | gaussian_core_right_skewed_tail | exponential_right_tail | contaminated | symmetric | heavy_tailed_t | low | low_scale | low_severity,shape=gaussian_core_right_skewed_tail | tail=exponential_right_tail | contamination=contaminated | direction=symmetric | structure=heavy_tailed_t | severity=low_severity | rates={0.02} | scales={3} | types={symmetric_t},gaussian_core_right_skewed_tail,exponential_right_tail,symmetric_t,contaminated,symmetric,heavy_tailed_t,low,low_scale,low_scale,1,1,1,low_severity,,0.02,3,symmetric_t,300;1000,0.0016573387328753,0.0128259518263595,0.0081699090036253,1.0000000000000068e-12,1.0000000000000068e-12,0.0012688182029024,0.00010462489394427206,0.1664530856756951,0.0126850997849971,0.0260888397607833,0.0021478496501913,0.0109081599410047,0.0035603303917871,0.0031210959336537,0.0008322812513366694,0.0210347306539035,0.0083249413374015,0.0027641633265097,0.0234123895394722,0.0083465284621833,0.0131294765515625,0.3537099482243276,0.0086364035834629,0.0147933101427241,0.1733534524898643,0.1226712706374315,0.00165734;0.01282595;0.00816991;0;0;0.00126882;0.00010462;0.16645309;0.0126851;0.02608884;0.00214785;0.01090816;0.00356033;0.0031211;0.00083228;0.02103473;0.00832494;0.00276416;0.02341239;0.00834653;0.01312948;0.35370995;0.0086364;0.01479331;0.17335345;0.12267127,final_full_budget,5,3,0.5,0.5,0.25,1,,100
seed101,exgaussian,REG03,exgaussian | gaussian_core_right_skewed_tail | exponential_right_tail | symmetric | heavy_tailed_t | extreme | low_scale,evaluated,,18,2,16,2,True,10,13,5,95104,3,current_specialist_finalist,False,,False,1,0.0281732716685355,0.0066759442346252,False,benchmark,huber_k1.75,0.0259015877389669,0.006068175752153,huber_k1.75,biweight,-0.0877044277121031,-0.1001567039577513,True,intra_family_profile_matched_fixed_weight_no_retraining,family_direction_adjacent_rate_scale,30,24,18,20,40,430779175,0.0257813191938031,0.0066151360892036,0.9150985194836676,0.9908914538115656,False,benchmark,biweight,biweight,biweight,0.0225270014987333,0.005440634963133,-0.1444629768017859,-0.2158757449844327,benchmark_dominant_local_and_profile,True,0.1,24,24,20,40,430779175,0.0257813191938031,0.0066151360892036,0.0281732716685355,0.0066759442346252,0.9150985194836676,0.9908914538115656,False,benchmark,biweight,biweight,biweight,0.0225270014987333,0.005440634963133,-0.1444629768017859,-0.2158757449844327,benchmark_dominant_local_and_profile,exgaussian | gaussian_core_right_skewed_tail | exponential_right_tail | contaminated | symmetric | heavy_tailed_t | extreme | low_scale | extreme_severity,shape=gaussian_core_right_skewed_tail | tail=exponential_right_tail | contamination=contaminated | direction=symmetric | structure=heavy_tailed_t | severity=extreme_severity | rates={0.3} | scales={1.5;3} | types={symmetric_t},gaussian_core_right_skewed_tail,exponential_right_tail,symmetric_t,contaminated,symmetric,heavy_tailed_t,extreme,low_scale,low_scale,4,1,1,extreme_severity,,0.3,1.5;3,symmetric_t,300;500;1000,0.0030552159323206,0.0548554296663836,0.013680736414399,1e-12,1e-12,0.008850303235695,0.0001907597897709588,0.0673981274685885,0.0084052876120152,0.1351849399977241,0.0099794240402904,0.0170661197342975,0.3264155572476,0.0043303552127553,0.00377474208648,0.0074922853637982,0.0129100799323619,0.0042893477356223,0.0132718899725922,0.0063493234207628,0.0070188079226007,0.0406652139741078,0.0417253407943258,0.0525657054128058,0.023140667859383,0.1373843391713183,0.00305522;0.05485543;0.01368074;0;0;0.0088503;0.00019076;0.06739813;0.00840529;0.13518494;0.00997942;0.01706612;0.32641556;0.00433036;0.00377474;0.00749229;0.01291008;0.00428935;0.01327189;0.00634932;0.00701881;0.04066521;0.04172534;0.05256571;0.02314067;0.13738434,final_full_budget,5,3,0.5,0.5,0.25,1,,100
seed101,exwald,REG01,exwald | first_passage_right_skewed | heavy_first_passage_tail | bimodal | bimodal_mixture | extreme | extreme_scale,evaluated,,24,2,22,2,True,10,17,7,95102,2,current_specialist_finalist,False,,False,1,0.3598797646736915,0.1349455035203033,True,ga_composite,robust,0.3598797646736915,0.1349455035203033,huber_k2,winsorized_0.2,0.1044477864577083,0.0469045057254333,True,intra_family_profile_matched_fixed_weight_no_retraining,family_adjacent_rate_scale,144,24,24,20,40,967234027,6.869055901427243,5.201457830490424,19.087085676063047,38.544876967088335,False,benchmark,geometric,geometric,geometric,1.0193080125624885,0.7192799757149797,-5.738940356362987,-6.2314787094049615,regime_specific_profile_no_free_lunch,True,0.1,24,24,20,40,967234027,6.869055901427243,5.201457830490424,0.3598797646736915,0.1349455035203033,19.087085676063047,38.544876967088335,False,benchmark,geometric,geometric,geometric,1.0193080125624885,0.7192799757149797,-5.738940356362987,-6.2314787094049615,regime_specific_profile_no_free_lunch,exwald | first_passage_right_skewed | heavy_first_passage_tail | contaminated | bimodal | bimodal_mixture | extreme | extreme_scale | extreme_severity,shape=first_passage_right_skewed | tail=heavy_first_passage_tail | contamination=contaminated | direction=bimodal | structure=bimodal_mixture | severity=extreme_severity | rates={0.3} | scales={30} | types={mixture_bimodal_far;mixture_bimodal_near},first_passage_right_skewed,heavy_first_passage_tail,mixture_bimodal_near,contaminated,bimodal,bimodal_mixture,extreme,extreme_scale,extreme_scale,4,4,3,extreme_severity,,0.3,30,mixture_bimodal_far;mixture_bimodal_near,300;500;1000,0.0021164010571579,0.0011706599299612,0.000822086767158903,0.0005748256384243446,0.0015703620048437,0.000562921152622493,0.0006753903079070431,0.0013153302380663,0.0673860032270165,0.0232603847636831,0.001638041996233,0.0010160811459133,0.576054175631644,0.000943016496546175,0.0013497804596034,0.0014140786432288,0.0005342318985177077,0.1439524960400676,0.0170784906699644,0.0016011025448752,0.001000481885263,0.0012746114042512,0.0020953484644444,0.0008043132132259912,0.1490678862139792,0.0007214982054003142,0.0021164;0.00117066;0.00082209;0.00057483;0.00157036;0.00056292;0.00067539;0.00131533;0.067386;0.02326038;0.00163804;0.00101608;0.57605418;0.00094302;0.00134978;0.00141408;0.00053423;0.1439525;0.01707849;0.0016011;0.00100048;0.00127461;0.00209535;0.00080431;0.14906789;0.0007215,final_full_budget,5,3,0.5,0.5,0.25,1,,100
seed101,exwald,REG02,exwald | first_passage_right_skewed | heavy_first_passage_tail | point_mass | point_mass | moderate | mid_high_scale,evaluated,,12,12,0,0,False,10,9,3,95103,6,protected_previous_stage_elite,True,previous_stage_elite,True,1,0.235063629117932,0.0946429225576985,False,benchmark,winsorized_0.2,0.1795989965538212,0.0649619892875477,winsorized_0.2,winsorized_0.2,-0.3088248466197895,-0.456896926883107,True,intra_family_profile_matched_fixed_weight_no_retraining,family_direction_structure_adjacent_rate_scale,42,24,12,20,40,2106879322,1.0124640429220737,0.6776991878445566,4.307191404799636,7.160590243018335,False,benchmark,huber_k0.75,huber_k0.75,huber_k1,0.6454008676877249,0.43169416011854,-0.5687367241213289,-0.5698595219770765,benchmark_dominant_local_and_profile,True,0.1,24,24,20,40,2106879322,1.0124640429220737,0.6776991878445566,0.235063629117932,0.0946429225576985,4.307191404799636,7.160590243018335,False,benchmark,huber_k0.75,huber_k0.75,huber_k1,0.6454008676877249,0.43169416011854,-0.5687367241213289,-0.5698595219770765,benchmark_dominant_local_and_profile,exwald | first_passage_right_skewed | heavy_first_passage_tail | contaminated | point_mass | point_mass | moderate | moderate_scale | moderate_severity,shape=first_passage_right_skewed | tail=heavy_first_passage_tail | contamination=contaminated | direction=point_mass | structure=point_mass | severity=moderate_severity | rates={0.05;0.1} | scales={4.5;6;9;12;15;20} | types={point_mass},first_passage_right_skewed,heavy_first_passage_tail,point_mass,contaminated,point_mass,point_mass,moderate,moderate_scale,mid_high_scale,2,2,2,moderate_severity,,0.05;0.1,4.5;6;9;12;15;20,point_mass,300;500;1000,0.0093799910756002,0.0706553161863195,0.019142103306286,0.0032304984797775,0.04715001507722,0.0026729257978929,0.0010336693869136,0.0513415369246523,0.0322991194393067,0.0946971328535543,0.0031093067476196,0.0034441179619694,0.0034003176475505,0.0042026492991535,0.0037451493772785,0.0033281359760997,0.0048258159548292,0.0065724779789876,0.0192773410086249,0.0259126082318143,0.3353001140434551,0.1287246060817732,0.0790773170549636,0.0168443358823718,0.022371912889963,0.0082614853360218,0.00937999;0.07065532;0.0191421;0.0032305;0.04715002;0.00267293;0.00103367;0.05134154;0.03229912;0.09469713;0.00310931;0.00344412;0.00340032;0.00420265;0.00374515;0.00332814;0.00482582;0.00657248;0.01927734;0.02591261;0.33530011;0.12872461;0.07907732;0.01684434;0.02237191;0.00826149,final_full_budget,5,3,0.5,0.5,0.25,1,,100
seed101,exwald,REG03,exwald | first_passage_right_skewed | heavy_first_passage_tail | upper_tail | clustered | extreme | low_scale,evaluated,,18,2,16,2,True,10,13,5,95104,2,current_specialist_finalist,False,,False,0,0.2032501044604829,0.0653237570869922,True,ga_composite,robust,0.2032501044604829,0.0653237570869922,huber_k0.75,trimmed20,0.1148943492993899,0.2372960449940895,True,intra_family_profile_matched_fixed_weight_no_retraining,family_direction_adjacent_rate_scale,30,24,18,20,40,1099040970,0.8637238709499081,0.4853864588494096,4.249561756626741,7.4304736972734995,False,benchmark,median,median,median,0.4436574758291893,0.2213460706099702,-0.9468259141462092,-1.1928849132520043,regime_specific_profile_no_free_lunch,True,0.1,24,24,20,40,1099040970,0.8637238709499081,0.4853864588494096,0.2032501044604829,0.0653237570869922,4.249561756626741,7.4304736972734995,False,benchmark,median,median,median,0.4436574758291893,0.2213460706099702,-0.9468259141462092,-1.1928849132520043,regime_specific_profile_no_free_lunch,exwald | first_passage_right_skewed | heavy_first_passage_tail | contaminated | upper_tail | clustered | extreme | low_scale | extreme_severity,shape=first_passage_right_skewed | tail=heavy_first_passage_tail | contamination=contaminated | direction=upper_tail | structure=clustered | severity=extreme_severity | rates={0.3} | scales={1.5;3} | types={clustered_upper},first_passage_right_skewed,heavy_first_passage_tail,clustered_upper,contaminated,upper_tail,clustered,extreme,low_scale,low_scale,4,1,1,extreme_severity,,0.3,1.5;3,clustered_upper,300;500;1000,0.0014444809322402,0.2268491339030517,0.0691544299612165,0.0035671593226781,0.0138782288458733,0.0050419987234009,0.0040812475398073,0.2038784143127172,0.0018393663727247,0.336840303105945,0.0024000229059188,0.0111321014280037,0.015661873591278,0.0037578697921665,0.0034637990480915,0.0131944081675289,0.0012236971904382,0.0071881311738314,0.0077719637380112,0.0132189534383315,0.0131138843297698,0.006650058334725,0.0154710984185704,0.0046076297786197,0.0039549534084351,0.0106147922366244,0.00144448;0.22684913;0.06915443;0.00356716;0.01387823;0.005042;0.00408125;0.20387841;0.00183937;0.3368403;0.00240002;0.0111321;0.01566187;0.00375787;0.0034638;0.01319441;0.0012237;0.00718813;0.00777196;0.01321895;0.01311388;0.00665006;0.0154711;0.00460763;0.00395495;0.01061479,final_full_budget,5,3,0.5,0.5,0.25,1,,100
seed101,invgauss,REG01,invgauss | right_skewed_duration | heavy_right_tail | upper_tail | tail_outlier | moderate | mid_high_scale,evaluated,,12,12,0,0,False,10,9,3,95102,5,current_specialist_finalist,False,,False,1,0.0212653305386366,0.006906465173706,True,ga_composite,robust,0.0212653305386366,0.006906465173706,winsorized_0.1,winsorized_0.1,0.3820045745520302,0.5221227885595482,True,intra_family_profile_matched_fixed_weight_no_retraining,family_direction_structure_adjacent_rate_scale,42,24,12,20,40,442424737,0.0942448244433213,0.0572164724202781,4.431853258413149,8.2844799724504,True,ga_composite,robust,huber_k1.75,huber_k1.75,0.1063166728126017,0.0679039559921131,0.113546145207584,0.1573911772227073,profile_matched_generalization_bonus,True,0.1,24,24,20,40,442424737,0.0942448244433213,0.0572164724202781,0.0212653305386366,0.006906465173706,4.431853258413149,8.2844799724504,True,ga_composite,robust,huber_k1.75,huber_k1.75,0.1063166728126017,0.0679039559921131,0.113546145207584,0.1573911772227073,profile_matched_generalization_bonus,invgauss | right_skewed_duration | heavy_right_tail | contaminated | upper_tail | tail_outlier | moderate | moderate_scale | moderate_severity,shape=right_skewed_duration | tail=heavy_right_tail | contamination=contaminated | direction=upper_tail | structure=tail_outlier | severity=moderate_severity | rates={0.05;0.1} | scales={4.5;6;9;12;15;20} | types={upper_tail},right_skewed_duration,heavy_right_tail,upper_tail,contaminated,upper_tail,tail_outlier,moderate,moderate_scale,mid_high_scale,2,2,2,moderate_severity,,0.05;0.1,4.5;6;9;12;15;20,upper_tail,300;500;1000,0.0079218478045528,0.0036373871108232,0.0039453777308764,0.003784456838659,0.0029335184856207,0.0049735977489751,0.000949852176194722,0.0093766297284944,0.0053046243656975,0.1070931408878621,0.0038251742868994,0.0139964678871407,0.0085125113396868,0.0035712139278832,0.0232990202279795,0.0089257681844661,0.0044917188742834,0.0118022468707654,0.0048170628648395,0.5924578953648858,0.0936440237059423,0.0051168246267873,0.0145257547076008,0.002829146653869,0.0039362190113781,0.0543285185878357,0.00792185;0.00363739;0.00394538;0.00378446;0.00293352;0.0049736;0.00094985;0.00937663;0.00530462;0.10709314;0.00382517;0.01399647;0.00851251;0.00357121;0.02329902;0.00892577;0.00449172;0.01180225;0.00481706;0.5924579;0.09364402;0.00511682;0.01452575;0.00282915;0.00393622;0.05432852,final_full_budget,5,3,0.5,0.5,0.25,1,,100
seed101,invgauss,REG02,invgauss | right_skewed_duration | heavy_right_tail | upper_tail | clustered | moderate | extreme_scale,evaluated,,24,2,22,2,True,10,17,7,95103,1,current_specialist_finalist,False,,False,0,0.0447152967838624,0.0163217798386133,True,ga_composite,robust,0.0447152967838624,0.0163217798386133,huber_k2,winsorized_0.1,0.1694361854542098,0.3215396535851891,True,intra_family_profile_matched_fixed_weight_no_retraining,family_direction_adjacent_rate_scale,60,24,24,20,40,1582070032,0.0956103045364022,0.0543832582344519,2.1382012736359486,3.3319441120301505,True,ga_composite,robust,catoni_a0.5,catoni_a0.5,0.1052263082376492,0.0660104300939832,0.0913840261262258,0.1761414346611705,profile_matched_generalization_bonus,True,0.1,24,24,20,40,1582070032,0.0956103045364022,0.0543832582344519,0.0447152967838624,0.0163217798386133,2.1382012736359486,3.3319441120301505,True,ga_composite,robust,catoni_a0.5,catoni_a0.5,0.1052263082376492,0.0660104300939832,0.0913840261262258,0.1761414346611705,profile_matched_generalization_bonus,invgauss | right_skewed_duration | heavy_right_tail | contaminated | upper_tail | clustered | moderate | extreme_scale | extreme_severity,shape=right_skewed_duration | tail=heavy_right_tail | contamination=contaminated | direction=upper_tail | structure=clustered | severity=extreme_severity | rates={0.05;0.1} | scales={30} | types={clustered_upper},right_skewed_duration,heavy_right_tail,clustered_upper,contaminated,upper_tail,clustered,moderate,extreme_scale,extreme_scale,2,4,3,extreme_severity,,0.05;0.1,30,clustered_upper,300;500;1000,0.047104845037315,0.1041873041233991,0.0041565414748531,0.0023345053356474,0.0450116059562655,0.0449934192512455,0.0039922844727184,0.0067955079436065,0.0216980701597437,0.0363978834406336,0.0265629845980991,0.0115800611574797,0.0465355395483523,0.0045637535207887,0.0222372155501837,0.0103754139430876,0.0513789053753378,0.0161173449523045,0.0238274615186665,0.3129384149284652,0.0364642135074238,0.0150363083127746,0.0312381925998273,0.0183600943812904,0.0224435689135413,0.0336685599969487,0.04710485;0.1041873;0.00415654;0.00233451;0.04501161;0.04499342;0.00399228;0.00679551;0.02169807;0.03639788;0.02656298;0.01158006;0.04653554;0.00456375;0.02223722;0.01037541;0.05137891;0.01611734;0.02382746;0.31293841;0.03646421;0.01503631;0.03123819;0.01836009;0.02244357;0.03366856,final_full_budget,5,3,0.5,0.5,0.25,1,,100
seed101,invgauss,REG03,invgauss | right_skewed_duration | heavy_right_tail | upper_tail | clustered | moderate | mid_high_scale,evaluated,,12,12,0,0,False,10,9,3,95104,1,current_specialist_finalist,False,,False,0,0.0241497362533664,0.0086579335656269,False,benchmark,catoni_a0.5,0.0183521369676141,0.0055428973396099,catoni_a0.5,catoni_a0.5,-0.3159086756854194,-0.5619869960778051,True,intra_family_profile_matched_fixed_weight_no_retraining,family_direction_structure_adjacent_rate_scale,42,24,12,20,40,574231680,0.1449991932441795,0.09245037744379,6.0041729531502686,10.678111206599167,False,benchmark,huber_k1.75,huber_k1.75,huber_k1.75,0.1170092942921518,0.0713856781496396,-0.2392109030407667,-0.2950829891914622,benchmark_dominant_local_and_profile,True,0.1,24,24,20,40,574231680,0.1449991932441795,0.09245037744379,0.0241497362533664,0.0086579335656269,6.0041729531502686,10.678111206599167,False,benchmark,huber_k1.75,huber_k1.75,huber_k1.75,0.1170092942921518,0.0713856781496396,-0.2392109030407667,-0.2950829891914622,benchmark_dominant_local_and_profile,invgauss | right_skewed_duration | heavy_right_tail | contaminated | upper_tail | clustered | moderate | moderate_scale | moderate_severity,shape=right_skewed_duration | tail=heavy_right_tail | contamination=contaminated | direction=upper_tail | structure=clustered | severity=moderate_severity | rates={0.05;0.1} | scales={4.5;6;9;12;15;20} | types={clustered_upper},right_skewed_duration,heavy_right_tail,clustered_upper,contaminated,upper_tail,clustered,moderate,moderate_scale,mid_high_scale,2,2,2,moderate_severity,,0.05;0.1,4.5;6;9;12;15;20,clustered_upper,300;500;1000,0.0345703767336003,0.0062837027385579,0.0106061880120982,0.0038397275369066,0.0017887716686193,0.0038093492470161,0.0008107349669115256,0.0047642125055393,0.0222803187127016,0.0300564732592853,0.0030052081248089,0.0261356288746484,0.0523576856617637,0.0218396203175431,0.0350095376704984,0.0185349418666477,0.0131759624567117,0.0070862232003927,0.0056146502340896,0.0264687204598927,0.6472772180719565,0.0047863734150994,0.0128053041747446,0.0006169334677546567,0.0047198311528903,0.0017563054693208,0.03457038;0.0062837;0.01060619;0.00383973;0.00178877;0.00380935;0.00081073;0.00476421;0.02228032;0.03005647;0.00300521;0.02613563;0.05235769;0.02183962;0.03500954;0.01853494;0.01317596;0.00708622;0.00561465;0.02646872;0.64727722;0.00478637;0.0128053;0.00061693;0.00471983;0.00175631,final_full_budget,5,3,0.5,0.5,0.25,1,,100
seed101,lognormal,REG01,lognormal | right_skewed | heavy_right_tail | upper_tail | clustered | extreme | low_scale,evaluated,,18,2,16,2,True,10,13,5,95102,4,current_specialist_finalist,False,,False,0,0.0874984266886621,0.0398899735746433,True,ga_composite,robust,0.0874984266886621,0.0398899735746433,huber_k1,huber_k1,0.0385647600891869,0.1676391720143554,True,intra_family_profile_matched_fixed_weight_no_retraining,family_direction_adjacent_rate_scale,30,24,18,20,40,328562708,0.3449650823028515,0.1931703668201323,3.9425289728507615,4.84257946307795,False,benchmark,median,median,median,0.143106165783945,0.0763357036327324,-1.4105535943311698,-1.5305375810510122,regime_specific_profile_no_free_lunch,True,0.1,24,24,20,40,328562708,0.3449650823028515,0.1931703668201323,0.0874984266886621,0.0398899735746433,3.9425289728507615,4.84257946307795,False,benchmark,median,median,median,0.143106165783945,0.0763357036327324,-1.4105535943311698,-1.5305375810510122,regime_specific_profile_no_free_lunch,lognormal | right_skewed | heavy_right_tail | contaminated | upper_tail | clustered | extreme | low_scale | extreme_severity,shape=right_skewed | tail=heavy_right_tail | contamination=contaminated | direction=upper_tail | structure=clustered | severity=extreme_severity | rates={0.3} | scales={1.5;3} | types={clustered_upper},right_skewed,heavy_right_tail,clustered_upper,contaminated,upper_tail,clustered,extreme,low_scale,low_scale,4,1,1,extreme_severity,,0.3,1.5;3,clustered_upper,300;500;1000,0.0122183993978717,0.1348948219982931,0.075433898018233,0.0122686674628721,0.0096254156232469,0.0098413933946864,0.00194548633019,0.0160598415569184,0.2253813953080501,0.2342607225851918,0.0052957403511213,0.0065978956944516,0.0083304180008233,0.0089819676037065,0.0160471517616346,0.0076399932711508,0.0060216806979565,0.004621454210987,0.0182201166402752,0.0207256313570443,0.0181292698674581,0.0868983205123108,0.0102355482563429,0.0064173678950577,0.0321507712973251,0.0117566309067995,0.0122184;0.13489482;0.0754339;0.01226867;0.00962542;0.00984139;0.00194549;0.01605984;0.2253814;0.23426072;0.00529574;0.0065979;0.00833042;0.00898197;0.01604715;0.00763999;0.00602168;0.00462145;0.01822012;0.02072563;0.01812927;0.08689832;0.01023555;0.00641737;0.03215077;0.01175663,final_full_budget,5,3,0.5,0.5,0.25,1,,100
seed101,lognormal,REG02,lognormal | right_skewed | heavy_right_tail | upper_tail | tail_outlier | extreme | low_scale,evaluated,,18,2,16,2,True,10,13,5,95103,6,protected_previous_stage_elite,True,previous_stage_elite,True,1,0.0920508793087746,0.0420188890953566,False,benchmark,huber_k1.75,0.080774885233614,0.0306924554626178,huber_k1.75,huber_k1.75,-0.1395977727781231,-0.3690298955117789,True,intra_family_profile_matched_fixed_weight_no_retraining,family_direction_adjacent_rate_scale,30,24,18,20,40,1468208003,0.2647452224568533,0.1596106074541147,2.8760748886050096,3.798544199683621,False,benchmark,median,median,huber_k0.75,0.1306014995660437,0.0712265743859363,-1.0271223786519184,-1.240885636139604,benchmark_dominant_local_and_profile,True,0.1,24,24,20,40,1468208003,0.2647452224568533,0.1596106074541147,0.0920508793087746,0.0420188890953566,2.8760748886050096,3.798544199683621,False,benchmark,median,median,huber_k0.75,0.1306014995660437,0.0712265743859363,-1.0271223786519184,-1.240885636139604,benchmark_dominant_local_and_profile,lognormal | right_skewed | heavy_right_tail | contaminated | upper_tail | tail_outlier | extreme | low_scale | extreme_severity,shape=right_skewed | tail=heavy_right_tail | contamination=contaminated | direction=upper_tail | structure=tail_outlier | severity=extreme_severity | rates={0.3} | scales={1.5;3} | types={upper_tail},right_skewed,heavy_right_tail,upper_tail,contaminated,upper_tail,tail_outlier,extreme,low_scale,low_scale,4,1,1,extreme_severity,,0.3,1.5;3,upper_tail,300;500;1000,0.0180482904579879,0.4811963143108074,0.0130903958476372,0.0051228477011853,0.0212744137684167,0.0036054735548206,0.0011217803808457,0.0096188626280744,0.0254096514354888,0.0243173002464587,0.0069278865929803,0.0061868459039437,0.0099613391636316,0.005221131729352,0.009320580638403,0.0071627854493928,0.0059936082372723,0.007761219663225,0.011528544776866,0.1699971181447379,0.035225845150975,0.0159275238283883,0.0643557468235493,0.0098614365913274,0.0037721625962986,0.0279908943779328,0.01804829;0.48119631;0.0130904;0.00512285;0.02127441;0.00360547;0.00112178;0.00961886;0.02540965;0.0243173;0.00692789;0.00618685;0.00996134;0.00522113;0.00932058;0.00716279;0.00599361;0.00776122;0.01152854;0.16999712;0.03522585;0.01592752;0.06435575;0.00986144;0.00377216;0.02799089,final_full_budget,5,3,0.5,0.5,0.25,1,,100
seed101,lognormal,REG03,lognormal | right_skewed | heavy_right_tail | upper_tail | clustered | high | mid_high_scale,evaluated,,12,12,0,0,False,10,9,3,95104,5,current_specialist_finalist,False,,False,0,0.0714075572662259,0.0266630106403956,True,ga_composite,robust,0.0714075572662259,0.0266630106403956,huber_k1,huber_k1,0.0382151638515248,0.1364913275552417,True,intra_family_profile_matched_fixed_weight_no_retraining,family_direction_structure_adjacent_rate_scale,33,24,12,20,40,460369651,0.3501231978929645,0.2071236250494548,4.9031672737762335,7.768200967068793,False,benchmark,huber_k0.75,huber_k0.75,huber_k0.75,0.2638022676494944,0.1689451613052722,-0.3272183026032012,-0.2259813980405796,regime_specific_profile_no_free_lunch,True,0.1,24,24,20,40,460369651,0.3501231978929645,0.2071236250494548,0.0714075572662259,0.0266630106403956,4.9031672737762335,7.768200967068793,False,benchmark,huber_k0.75,huber_k0.75,huber_k0.75,0.2638022676494944,0.1689451613052722,-0.3272183026032012,-0.2259813980405796,regime_specific_profile_no_free_lunch,lognormal | right_skewed | heavy_right_tail | contaminated | upper_tail | clustered | high | moderate_scale | high_severity,shape=right_skewed | tail=heavy_right_tail | contamination=contaminated | direction=upper_tail | structure=clustered | severity=high_severity | rates={0.15;0.2} | scales={4.5;6;9;12;15;20} | types={clustered_upper},right_skewed,heavy_right_tail,clustered_upper,contaminated,upper_tail,clustered,high,moderate_scale,mid_high_scale,3,2,2,high_severity,,0.15;0.2,4.5;6;9;12;15;20,clustered_upper,300;500;1000,0.0028196389918331,0.024287673090414,0.0109955690418567,0.0026444253310587,0.0054719363483054,0.0050469849231021,0.0022767831026699,0.0119715107327616,0.2824371714360473,0.2904358710028381,0.0037469542828181,0.0031677165291778,0.0081890461776886,0.0039458187946867,0.0027587833713673,0.0038248503998898,0.0022651376788849,0.0018518113404727,0.006252015191023,0.0051483724840197,0.0039875447241067,0.1836096377670123,0.1200822581125577,0.003779630726325,0.0060263440151433,0.0029765144039385,0.00281964;0.02428767;0.01099557;0.00264443;0.00547194;0.00504698;0.00227678;0.01197151;0.28243717;0.29043587;0.00374695;0.00316772;0.00818905;0.00394582;0.00275878;0.00382485;0.00226514;0.00185181;0.00625202;0.00514837;0.00398754;0.18360964;0.12008226;0.00377963;0.00602634;0.00297651,final_full_budget,5,3,0.5,0.5,0.25,1,,100
seed101,normal,REG01,normal | symmetric | light_tail | symmetric | heavy_tailed_t | low | low_scale,evaluated,,24,4,20,2,True,10,17,7,95102,1,current_specialist_finalist,False,,False,0,0.0422329150770432,0.01215533578852,False,benchmark,huber_k1.75,0.0405909772271276,0.0116299019305737,huber_k1.75,winsorized_0.1,-0.0404508085796435,-0.0451795605016983,True,intra_family_profile_matched_fixed_weight_no_retraining,family_direction_adjacent_rate_scale,40,24,24,20,40,784352527,0.0634212637962312,0.0156864639201572,1.5017022547232048,1.2905002536977732,False,benchmark,winsorized_0.2,winsorized_0.2,winsorized_0.2,0.0481883536747386,0.0126695711761769,-0.3161118602223981,-0.2381211409439814,benchmark_dominant_local_and_profile,True,0.1,24,24,20,40,784352527,0.0634212637962312,0.0156864639201572,0.0422329150770432,0.01215533578852,1.5017022547232048,1.2905002536977732,False,benchmark,winsorized_0.2,winsorized_0.2,winsorized_0.2,0.0481883536747386,0.0126695711761769,-0.3161118602223981,-0.2381211409439814,benchmark_dominant_local_and_profile,normal | symmetric | light_tail | contaminated | symmetric | heavy_tailed_t | low | low_scale | low_severity,shape=symmetric | tail=light_tail | contamination=contaminated | direction=symmetric | structure=heavy_tailed_t | severity=low_severity | rates={0.02} | scales={3} | types={symmetric_t},symmetric,light_tail,symmetric_t,contaminated,symmetric,heavy_tailed_t,low,low_scale,low_scale,1,1,1,low_severity,,0.02,3,symmetric_t,300;1000,0.0027607319031834,0.0041482043984636,0.0010580545763619,1e-12,1e-12,0.0001213148386955074,1.5505283263800008e-05,0.0018471898094016,0.1496238955053089,0.0914174483114534,0.0179154764186399,0.0004804940490786163,0.0098631099325382,0.0008634490052946235,0.00022891583366542803,6.188823223429638e-05,0.00013081281389019228,0.0113365446948576,0.0053413850129841,0.1397855080123705,0.0113166549362947,0.0085161451453666,0.0101481246985854,0.0034529443037337,0.0249706228151589,0.5045955794671744,0.00276073;0.0041482;0.00105805;0;0;0.00012131;1.551e-05;0.00184719;0.1496239;0.09141745;0.01791548;0.00048049;0.00986311;0.00086345;0.00022892;6.189e-05;0.00013081;0.01133654;0.00534139;0.13978551;0.01131665;0.00851615;0.01014812;0.00345294;0.02497062;0.50459558,final_full_budget,5,3,0.5,0.5,0.25,1,,100
seed101,normal,REG02,normal | symmetric | light_tail | symmetric | clustered | low | mid_high_scale,evaluated,,12,12,0,0,False,10,9,3,95103,4,current_specialist_finalist,False,,False,1,0.0438403727672645,0.0094734877192329,False,benchmark,winsorized_0.2,0.0419496516464604,0.0093266335640586,winsorized_0.2,winsorized_0.2,-0.0450711995583059,-0.0157456765241129,True,intra_family_profile_matched_fixed_weight_no_retraining,family_direction_structure_adjacent_rate_scale,24,24,12,20,40,1923997822,0.0536555481677432,0.0140917802391158,1.2238843964981936,1.487496543540069,False,benchmark,biweight,biweight,biweight,0.0496987819372995,0.0128565370374576,-0.0796149538504987,-0.0960789984086117,benchmark_dominant_local_and_profile,True,0.1,24,24,20,40,1923997822,0.0536555481677432,0.0140917802391158,0.0438403727672645,0.0094734877192329,1.2238843964981936,1.487496543540069,False,benchmark,biweight,biweight,biweight,0.0496987819372995,0.0128565370374576,-0.0796149538504987,-0.0960789984086117,benchmark_dominant_local_and_profile,normal | symmetric | light_tail | contaminated | symmetric | clustered | low | high_scale | high_severity,shape=symmetric | tail=light_tail | contamination=contaminated | direction=symmetric | structure=clustered | severity=high_severity | rates={0.02} | scales={20} | types={clustered_symmetric},symmetric,light_tail,clustered_symmetric,contaminated,symmetric,clustered,low,high_scale,mid_high_scale,1,3,2,high_severity,,0.02,20,clustered_symmetric,300;1000,0.0006738635803335215,0.0007258959061131863,0.00016505404186697325,1e-12,1e-12,7.504702772964218e-05,9.063681878705136e-06,0.0003680611632860387,0.0184811876087135,0.0743233263382326,0.0058655324781553,0.7676849512273806,0.0034760564204203,0.0002336192834158116,0.0155061573445841,0.0020933964009814,0.0002274230972893257,0.0014928269295655,0.0008621609526688935,0.016974294488718,0.0021397656214899,0.0011352653388994,0.0042530065229272,0.017486817802758,0.0037047552550594,0.0620424714855321,0.00067386;0.0007259;0.00016505;0;0;7.505e-05;9.06e-06;0.00036806;0.01848119;0.07432333;0.00586553;0.76768495;0.00347606;0.00023362;0.01550616;0.0020934;0.00022742;0.00149283;0.00086216;0.01697429;0.00213977;0.00113527;0.00425301;0.01748682;0.00370476;0.06204247,final_full_budget,5,3,0.5,0.5,0.25,1,,100
seed101,normal,REG03,normal | symmetric | light_tail | symmetric | heavy_tailed_t | low | mid_high_scale,evaluated,,12,12,0,0,False,10,9,3,95104,2,current_specialist_finalist,False,,False,1,0.0405478940797696,0.0099272719706362,False,benchmark,winsorized_0.1,0.0395731524874179,0.0097730868124862,winsorized_0.1,winsorized_0.2,-0.0246313859538234,-0.0157765055291651,True,intra_family_profile_matched_fixed_weight_no_retraining,family_direction_structure_adjacent_rate_scale,24,24,12,20,40,916159470,0.0523152889611623,0.0120565039195965,1.2902097666762304,1.214483088006839,False,benchmark,winsorized_0.2,winsorized_0.2,winsorized_0.2,0.0471645166527481,0.0111426960045461,-0.1092086312731204,-0.0820095885767243,benchmark_dominant_local_and_profile,True,0.1,24,24,20,40,916159470,0.0523152889611623,0.0120565039195965,0.0405478940797696,0.0099272719706362,1.2902097666762304,1.214483088006839,False,benchmark,winsorized_0.2,winsorized_0.2,winsorized_0.2,0.0471645166527481,0.0111426960045461,-0.1092086312731204,-0.0820095885767243,benchmark_dominant_local_and_profile,normal | symmetric | light_tail | contaminated | symmetric | heavy_tailed_t | low | moderate_scale | moderate_severity,shape=symmetric | tail=light_tail | contamination=contaminated | direction=symmetric | structure=heavy_tailed_t | severity=moderate_severity | rates={0.02} | scales={9} | types={symmetric_t},symmetric,light_tail,symmetric_t,contaminated,symmetric,heavy_tailed_t,low,moderate_scale,mid_high_scale,1,2,2,moderate_severity,,0.02,9,symmetric_t,300;1000,0.0004083804648894527,0.0004472554228014505,0.00010323265964529535,1e-12,1e-12,4.477661999915604e-05,5.403768123391894e-06,0.0002220020018669392,0.0112494932384208,0.0447338104153549,0.0041400942239523,0.5557684805132838,0.3053226271124964,0.00014207178451050104,0.0092202002041809,0.0012561776351033,0.00013627981420158728,0.0008880795827618433,0.0005167608820448977,0.0100961905346383,0.0024273166482669,0.0006862527074092769,0.002588484023158,0.0104868765696471,0.0022096099613468,0.0369001432098962,0.00040838;0.00044726;0.00010323;0;0;4.478e-05;5.4e-06;0.000222;0.01124949;0.04473381;0.00414009;0.55576848;0.30532263;0.00014207;0.0092202;0.00125618;0.00013628;0.00088808;0.00051676;0.01009619;0.00242732;0.00068625;0.00258848;0.01048688;0.00220961;0.03690014,final_full_budget,5,3,0.5,0.5,0.25,1,,100
seed101,weibull,REG01,weibull | right_skewed_flexible_shape | flexible_tail | upper_tail | tail_outlier | moderate | extreme_scale,evaluated,,24,2,22,2,True,10,17,7,95102,5,current_specialist_finalist,False,,False,0,0.0854196687201601,0.0402385056273526,True,ga_composite,robust,0.0854196687201601,0.0402385056273526,huber_k1.75,huber_k1.75,0.0731968722328266,0.0829670669830249,True,intra_family_profile_matched_fixed_weight_no_retraining,family_direction_adjacent_rate_scale,60,24,24,20,40,1381813651,0.1414353148082868,0.0848411169606741,1.6557698821097206,2.1084559586848526,False,benchmark,catoni_a0.5,catoni_a0.5,catoni_a0.5,0.079389498698752,0.0369060148155679,-0.7815368169055914,-1.2988425432373458,regime_specific_profile_no_free_lunch,True,0.1,24,24,20,40,1381813651,0.1414353148082868,0.0848411169606741,0.0854196687201601,0.0402385056273526,1.6557698821097206,2.1084559586848526,False,benchmark,catoni_a0.5,catoni_a0.5,catoni_a0.5,0.079389498698752,0.0369060148155679,-0.7815368169055914,-1.2988425432373458,regime_specific_profile_no_free_lunch,weibull | right_skewed_flexible_shape | flexible_tail | contaminated | upper_tail | tail_outlier | moderate | extreme_scale | extreme_severity,shape=right_skewed_flexible_shape | tail=flexible_tail | contamination=contaminated | direction=upper_tail | structure=tail_outlier | severity=extreme_severity | rates={0.05;0.1} | scales={30} | types={upper_tail},right_skewed_flexible_shape,flexible_tail,upper_tail,contaminated,upper_tail,tail_outlier,moderate,extreme_scale,extreme_scale,2,4,3,extreme_severity,,0.05;0.1,30,upper_tail,300;500;1000,0.0161604524269414,0.1792422023433878,0.0051158175160144,0.0075476636020942,0.0045492592304681,0.0059720384513937,0.0014167023310733,0.0137993640224322,0.0109323872517391,0.0301677632046259,0.0187839824504761,0.0062635911562314,0.0076059492630555,0.0061843972522929,0.0035007811430806,0.00798177802551,0.0231305198652374,0.005992548066712,0.01710107937336,0.2528700361195274,0.0663879704125771,0.1708168146654306,0.1189573448993465,0.0079598738404119,0.0077768108276065,0.0037828722589727,0.01616045;0.1792422;0.00511582;0.00754766;0.00454926;0.00597204;0.0014167;0.01379936;0.01093239;0.03016776;0.01878398;0.00626359;0.00760595;0.0061844;0.00350078;0.00798178;0.02313052;0.00599255;0.01710108;0.25287004;0.06638797;0.17081681;0.11895734;0.00795987;0.00777681;0.00378287,final_full_budget,5,3,0.5,0.5,0.25,1,,100
seed101,weibull,REG02,weibull | right_skewed_flexible_shape | flexible_tail | upper_tail | clustered | moderate | extreme_scale,evaluated,,24,2,22,2,True,10,17,7,95103,2,current_specialist_finalist,False,,False,1,0.0651761723032033,0.0271639617052672,False,benchmark,huber_k1.75,0.064689839921897,0.0269900471310076,huber_k1.75,huber_k1.75,-0.0075179097967456,-0.0064436558190877,True,intra_family_profile_matched_fixed_weight_no_retraining,family_direction_adjacent_rate_scale,60,24,24,20,40,373975299,0.1225625982146427,0.069256915122783,1.880481683437835,2.549588159182397,True,ga_composite,robust,huber_k2,huber_k2,0.1239303515765626,0.0723299178849948,0.0110364680202163,0.042485915262,profile_only_unexpected,True,0.1,24,24,20,40,373975299,0.1225625982146427,0.069256915122783,0.0651761723032033,0.0271639617052672,1.880481683437835,2.549588159182397,True,ga_composite,robust,huber_k2,huber_k2,0.1239303515765626,0.0723299178849948,0.0110364680202163,0.042485915262,profile_only_unexpected,weibull | right_skewed_flexible_shape | flexible_tail | contaminated | upper_tail | clustered | moderate | extreme_scale | extreme_severity,shape=right_skewed_flexible_shape | tail=flexible_tail | contamination=contaminated | direction=upper_tail | structure=clustered | severity=extreme_severity | rates={0.1} | scales={30} | types={clustered_upper},right_skewed_flexible_shape,flexible_tail,clustered_upper,contaminated,upper_tail,clustered,moderate,extreme_scale,extreme_scale,2,4,3,extreme_severity,,0.1,30,clustered_upper,300;500;1000,0.0295175141150189,0.1646023371308508,0.0042894567667772,0.0061387809465828,0.0037466958951156,0.0048433953724312,0.0011633801212672,0.0115110167303035,0.0090531655162944,0.0250976859831201,0.0153084977133595,0.0050668435391344,0.0060718721225771,0.0050898229642462,0.002893201504395,0.0066845458163774,0.0183256755609068,0.0132756397367967,0.1544967486312121,0.2100135100949223,0.0524270234877289,0.1364296499214944,0.0976567925066723,0.0066387370055463,0.0064367101232992,0.0032213006935686,0.02951751;0.16460234;0.00428946;0.00613878;0.0037467;0.0048434;0.00116338;0.01151102;0.00905317;0.02509769;0.0153085;0.00506684;0.00607187;0.00508982;0.0028932;0.00668455;0.01832568;0.01327564;0.15449675;0.21001351;0.05242702;0.13642965;0.09765679;0.00663874;0.00643671;0.0032213,final_full_budget,5,3,0.5,0.5,0.25,1,,100
seed101,weibull,REG03,weibull | right_skewed_flexible_shape | flexible_tail | upper_tail | clustered | high | mid_high_scale,evaluated,,12,12,0,0,False,10,9,3,95104,1,current_specialist_finalist,False,,False,0,0.0413900647652929,0.0169733596376353,False,benchmark,huber_k1.75,0.0377274388353157,0.0098891448247791,huber_k1.75,huber_k1.75,-0.0970812237180464,-0.7163627328410722,True,intra_family_profile_matched_fixed_weight_no_retraining,family_direction_structure_adjacent_rate_scale,33,24,12,20,40,1513620594,0.2573538231877977,0.1567729804489009,6.217768071660039,9.236414227154455,False,benchmark,huber_k0.75,huber_k0.75,huber_k1,0.2246075522546346,0.1550876352679683,-0.1457932763360213,-0.0108670506066433,benchmark_dominant_local_and_profile,True,0.1,24,24,20,40,1513620594,0.2573538231877977,0.1567729804489009,0.0413900647652929,0.0169733596376353,6.217768071660039,9.236414227154455,False,benchmark,huber_k0.75,huber_k0.75,huber_k1,0.2246075522546346,0.1550876352679683,-0.1457932763360213,-0.0108670506066433,benchmark_dominant_local_and_profile,weibull | right_skewed_flexible_shape | flexible_tail | contaminated | upper_tail | clustered | high | moderate_scale | high_severity,shape=right_skewed_flexible_shape | tail=flexible_tail | contamination=contaminated | direction=upper_tail | structure=clustered | severity=high_severity | rates={0.15;0.2} | scales={4.5;6;9;12;15;20} | types={clustered_upper},right_skewed_flexible_shape,flexible_tail,clustered_upper,contaminated,upper_tail,clustered,high,moderate_scale,mid_high_scale,3,2,2,high_severity,,0.15;0.2,4.5;6;9;12;15;20,clustered_upper,300;500;1000,0.0425657644228402,0.3672442492131619,0.005474254121394,0.0059847896771277,0.0051540955390617,0.0039558407673542,0.0018453288285025,0.0176351750365311,0.0287658267957073,0.0614515453993542,0.006065975783654,0.0040568573750548,0.0038086781482497,0.0062033336366348,0.0037972209974305,0.0045210623788647,0.0099306296905397,0.0065836749621726,0.0222954171455301,0.2750956099792724,0.0362523233031083,0.0084931145805745,0.0558056506697731,0.0074892108440694,0.0050292499345846,0.0044951207694509,0.04256576;0.36724425;0.00547425;0.00598479;0.0051541;0.00395584;0.00184533;0.01763518;0.02876583;0.06145155;0.00606598;0.00405686;0.00380868;0.00620333;0.00379722;0.00452106;0.00993063;0.00658367;0.02229542;0.27509561;0.03625232;0.00849311;0.05580565;0.00748921;0.00502925;0.00449512,final_full_budget,5,3,0.5,0.5,0.25,1,,100
seed202,exgaussian,REG01,exgaussian | gaussian_core_right_skewed_tail | exponential_right_tail | symmetric | heavy_tailed_t | low | mid_high_scale,evaluated,,12,12,0,0,False,10,9,3,95203,5,current_specialist_finalist,False,,False,0,0.0139067293469206,0.0033727785875919,False,benchmark,huber_k1.75,0.0139622848661341,0.003359789075496,huber_k1.75,winsorized_0.05,0.0039789704723933,-0.00386616891718,True,intra_family_profile_matched_fixed_weight_no_retraining,family_direction_structure_adjacent_rate_scale,24,24,12,20,40,745617667,0.0294485110894246,0.0073135838484559,2.11757274860805,2.1684150490024505,False,benchmark,huber_k1.75,huber_k1.75,biweight,0.0177564235576355,0.0046805549305531,-0.6584708622870616,-0.5625463126503925,benchmark_dominant_local_and_profile,True,0.1,24,24,20,40,745617667,0.0294485110894246,0.0073135838484559,0.0139067293469206,0.0033727785875919,2.11757274860805,2.1684150490024505,False,benchmark,huber_k1.75,huber_k1.75,biweight,0.0177564235576355,0.0046805549305531,-0.6584708622870616,-0.5625463126503925,benchmark_dominant_local_and_profile,exgaussian | gaussian_core_right_skewed_tail | exponential_right_tail | contaminated | symmetric | heavy_tailed_t | low | high_scale | high_severity,shape=gaussian_core_right_skewed_tail | tail=exponential_right_tail | contamination=contaminated | direction=symmetric | structure=heavy_tailed_t | severity=high_severity | rates={0.02} | scales={20} | types={symmetric_t},gaussian_core_right_skewed_tail,exponential_right_tail,symmetric_t,contaminated,symmetric,heavy_tailed_t,low,high_scale,mid_high_scale,1,3,2,high_severity,,0.02,20,symmetric_t,300;1000,0.0039163811455636,0.0049840883753583,0.0024115568785754,1e-12,1e-12,0.0012978179321628,4.358949452006582e-05,0.025837070655116,0.006363132844876,0.1118163164738038,0.7102058787035276,0.0266712382972348,0.0028095908236216,0.00023257919456898127,0.0115215251234034,0.0032930921975954,0.0063446875939398,0.0030694460393924,0.0074457893213193,0.0167308725076409,0.0011259708518507,0.0003774238470467551,0.0011990450662995,0.0243417584433889,0.026107285913765,0.0018538622734281,0.00391638;0.00498409;0.00241156;0;0;0.00129782;4.359e-05;0.02583707;0.00636313;0.11181632;0.71020588;0.02667124;0.00280959;0.00023258;0.01152153;0.00329309;0.00634469;0.00306945;0.00744579;0.01673087;0.00112597;0.00037742;0.00119905;0.02434176;0.02610729;0.00185386,final_full_budget,5,3,0.5,0.5,0.25,1,,100
seed202,exgaussian,REG02,exgaussian | gaussian_core_right_skewed_tail | exponential_right_tail | symmetric | clustered | high | mid_high_scale,evaluated,,12,12,0,0,False,10,9,3,95204,5,current_specialist_finalist,False,,False,1,0.0231659571940095,0.0067157608455208,False,benchmark,biweight,0.0226892442265871,0.0066328727199583,biweight,biweight,-0.0210105265138231,-0.0124965650706041,True,intra_family_profile_matched_fixed_weight_no_retraining,family_direction_structure_adjacent_rate_scale,33,24,12,20,40,1885262962,0.0314575853118562,0.0076907784974985,1.357922966318567,1.1451834979327522,False,benchmark,biweight,biweight,biweight,0.0308371538853016,0.0069753070109761,-0.0201196073036509,-0.1025720423909637,benchmark_dominant_local_and_profile,True,0.1,24,24,20,40,1885262962,0.0314575853118562,0.0076907784974985,0.0231659571940095,0.0067157608455208,1.357922966318567,1.1451834979327522,False,benchmark,biweight,biweight,biweight,0.0308371538853016,0.0069753070109761,-0.0201196073036509,-0.1025720423909637,benchmark_dominant_local_and_profile,exgaussian | gaussian_core_right_skewed_tail | exponential_right_tail | contaminated | symmetric | clustered | high | moderate_scale | high_severity,shape=gaussian_core_right_skewed_tail | tail=exponential_right_tail | contamination=contaminated | direction=symmetric | structure=clustered | severity=high_severity | rates={0.15;0.2} | scales={4.5;6;9;12;15;20} | types={clustered_symmetric},gaussian_core_right_skewed_tail,exponential_right_tail,clustered_symmetric,contaminated,symmetric,clustered,high,moderate_scale,mid_high_scale,3,2,2,high_severity,,0.15;0.2,4.5;6;9;12;15;20,clustered_symmetric,300;500;1000,0.0018569693818185,0.1520688043607514,0.0022662167019226,1e-12,1e-12,0.0031797910837194,0.00012080484236988402,0.0153125341875354,0.0249976175970772,0.6763435913768927,0.0047558174871015,0.0026512681324739,0.0020837855369752,0.0019399006035159,0.00406807949465,0.0080374025225977,0.0005844976906147797,0.0027220495883602,0.0029436215969619,0.0007852038459338477,0.0006416113155256434,0.0212507885912571,0.0050820701642321,0.0511545313288287,0.0049615559664146,0.0101914866004693,0.00185697;0.1520688;0.00226622;0;0;0.00317979;0.0001208;0.01531253;0.02499762;0.67634359;0.00475582;0.00265127;0.00208379;0.0019399;0.00406808;0.0080374;0.0005845;0.00272205;0.00294362;0.0007852;0.00064161;0.02125079;0.00508207;0.05115453;0.00496156;0.01019149,final_full_budget,5,3,0.5,0.5,0.25,1,,100
seed202,exgaussian,REG03,exgaussian | gaussian_core_right_skewed_tail | exponential_right_tail | symmetric | clustered | low | extreme_scale,evaluated,,16,2,14,2,True,10,12,4,95205,1,current_specialist_finalist,False,,False,1,0.0145713468199317,0.0041819065538706,False,benchmark,huber_k1.75,0.0144751776491896,0.0038564119257638,huber_k1.75,huber_k2,-0.006643729912415,-0.0844034906768607,True,intra_family_profile_matched_fixed_weight_no_retraining,family_direction_adjacent_rate_scale,40,24,16,20,40,877424610,0.0212083819114025,0.0048131524023874,1.4554853557487686,1.1509469040578302,False,benchmark,biweight,biweight,biweight,0.0210131971093602,0.0047797132390279,-0.009288677064094,-0.0069960605752363,benchmark_dominant_local_and_profile,True,0.1,24,24,20,40,877424610,0.0212083819114025,0.0048131524023874,0.0145713468199317,0.0041819065538706,1.4554853557487686,1.1509469040578302,False,benchmark,biweight,biweight,biweight,0.0210131971093602,0.0047797132390279,-0.009288677064094,-0.0069960605752363,benchmark_dominant_local_and_profile,exgaussian | gaussian_core_right_skewed_tail | exponential_right_tail | contaminated | symmetric | clustered | low | extreme_scale | extreme_severity,shape=gaussian_core_right_skewed_tail | tail=exponential_right_tail | contamination=contaminated | direction=symmetric | structure=clustered | severity=extreme_severity | rates={0.01} | scales={30} | types={clustered_symmetric},gaussian_core_right_skewed_tail,exponential_right_tail,clustered_symmetric,contaminated,symmetric,clustered,low,extreme_scale,extreme_scale,1,4,3,extreme_severity,,0.01,30,clustered_symmetric,300;500;1000,0.0005349023953240143,0.0770873295854389,0.0368614748640711,1e-12,1e-12,0.0009863663096858937,4.622087223132265e-05,0.004820738066438,0.1175277319928909,0.7300168978057048,0.0001192471744570462,0.0015178426443585,0.0112766917168998,0.0006650133437680574,0.0002319995467453111,0.0006224908712564217,0.0002729261818980879,0.0011656488038805,0.0003226904470895298,0.0007666285291771375,0.0005881282181730808,0.0071678074702998,0.0023873938687782,0.0006914680767635647,0.0015056405373339,0.0028167206753357,0.0005349;0.07708733;0.03686147;0;0;0.00098637;4.622e-05;0.00482074;0.11752773;0.7300169;0.00011925;0.00151784;0.01127669;0.00066501;0.000232;0.00062249;0.00027293;0.00116565;0.00032269;0.00076663;0.00058813;0.00716781;0.00238739;0.00069147;0.00150564;0.00281672,final_full_budget,5,3,0.5,0.5,0.25,1,,100
seed202,exwald,REG01,exwald | first_passage_right_skewed | heavy_first_passage_tail | upper_tail | clustered | extreme | low_scale,evaluated,,18,2,16,2,True,10,13,5,95203,5,current_specialist_finalist,False,,False,1,0.1760977149515905,0.065181596693994,False,benchmark,trimmed20,0.1762640209309992,0.057738797213774,trimmed20,huber_k1,0.000943504967884839,-0.1289046505858903,True,intra_family_profile_matched_fixed_weight_no_retraining,family_direction_adjacent_rate_scale,30,24,18,20,40,1316449899,1.0193509555145888,0.5256610338026229,5.788552996210207,8.064562092002163,False,benchmark,median,median,median,0.5445471678908355,0.2271433711294411,-0.8719240786099628,-1.3142257297121498,benchmark_dominant_local_and_profile,True,0.1,24,24,20,40,1316449899,1.0193509555145888,0.5256610338026229,0.1760977149515905,0.065181596693994,5.788552996210207,8.064562092002163,False,benchmark,median,median,median,0.5445471678908355,0.2271433711294411,-0.8719240786099628,-1.3142257297121498,benchmark_dominant_local_and_profile,exwald | first_passage_right_skewed | heavy_first_passage_tail | contaminated | upper_tail | clustered | extreme | low_scale | extreme_severity,shape=first_passage_right_skewed | tail=heavy_first_passage_tail | contamination=contaminated | direction=upper_tail | structure=clustered | severity=extreme_severity | rates={0.3} | scales={1.5;3} | types={clustered_upper},first_passage_right_skewed,heavy_first_passage_tail,clustered_upper,contaminated,upper_tail,clustered,extreme,low_scale,low_scale,4,1,1,extreme_severity,,0.3,1.5;3,clustered_upper,300;500;1000,0.0145762368492606,0.4156165012688904,0.0164209115277695,0.0100121215060661,0.0291668662147432,0.0153254301902627,0.0037296876686657,0.1232561607481275,0.0396502241186951,0.1325794349789893,0.0074237798074228,0.0118878885172068,0.0117197843150185,0.0134720380470504,0.0079757352008553,0.0088403127743801,0.0113181669401553,0.0089841082859301,0.013072302704697,0.0102834956704822,0.0126176548228261,0.013303195500341,0.0238382210623012,0.026921092053674,0.0110182561012476,0.0069903931249404,0.01457624;0.4156165;0.01642091;0.01001212;0.02916687;0.01532543;0.00372969;0.12325616;0.03965022;0.13257943;0.00742378;0.01188789;0.01171978;0.01347204;0.00797574;0.00884031;0.01131817;0.00898411;0.0130723;0.0102835;0.01261765;0.0133032;0.02383822;0.02692109;0.01101826;0.00699039,final_full_budget,5,3,0.5,0.5,0.25,1,,100
seed202,exwald,REG02,exwald | first_passage_right_skewed | heavy_first_passage_tail | upper_tail | clustered | moderate | extreme_scale,evaluated,,24,2,22,2,True,10,17,7,95204,3,current_specialist_finalist,False,,False,0,0.5274398548911595,0.295051207276524,False,benchmark,trimmed20,0.3685848368386891,0.1989774894459469,trimmed20,huber_k1,-0.4309863081035052,-0.4828371194028611,True,intra_family_profile_matched_fixed_weight_no_retraining,family_direction_adjacent_rate_scale,60,24,24,20,40,308611547,0.6077871601501474,0.3568109291401461,1.1523345354218932,1.2093186549971686,False,benchmark,huber,huber,huber,0.5227533403129392,0.2720415689758197,-0.162665282609464,-0.3116044378186536,benchmark_dominant_local_and_profile,True,0.1,24,24,20,40,308611547,0.6077871601501474,0.3568109291401461,0.5274398548911595,0.295051207276524,1.1523345354218932,1.2093186549971686,False,benchmark,huber,huber,huber,0.5227533403129392,0.2720415689758197,-0.162665282609464,-0.3116044378186536,benchmark_dominant_local_and_profile,exwald | first_passage_right_skewed | heavy_first_passage_tail | contaminated | upper_tail | clustered | moderate | extreme_scale | extreme_severity,shape=first_passage_right_skewed | tail=heavy_first_passage_tail | contamination=contaminated | direction=upper_tail | structure=clustered | severity=extreme_severity | rates={0.05;0.1} | scales={30} | types={clustered_upper},first_passage_right_skewed,heavy_first_passage_tail,clustered_upper,contaminated,upper_tail,clustered,moderate,extreme_scale,extreme_scale,2,4,3,extreme_severity,,0.05;0.1,30,clustered_upper,300;500;1000,0.0115158575253079,0.0186963169883257,0.068879590235644,0.0117057512507057,0.0099342757960742,0.0172492280531791,0.0027771537137946,0.0184025457617146,0.013158991775972,0.0504201073676104,0.010700509549542,0.01194644195165,0.017833079693491,0.0144560036286332,0.018014598476071,0.0121061612883653,0.0295368382665208,0.0140938695658545,0.017899146005084,0.0946924537511276,0.0126688666730229,0.3913082980574985,0.0922695716097446,0.0146690183124648,0.0147343587868126,0.0103309659157876,0.01151586;0.01869632;0.06887959;0.01170575;0.00993428;0.01724923;0.00277715;0.01840255;0.01315899;0.05042011;0.01070051;0.01194644;0.01783308;0.014456;0.0180146;0.01210616;0.02953684;0.01409387;0.01789915;0.09469245;0.01266887;0.3913083;0.09226957;0.01466902;0.01473436;0.01033097,final_full_budget,5,3,0.5,0.5,0.25,1,,100
seed202,exwald,REG03,exwald | first_passage_right_skewed | heavy_first_passage_tail | point_mass | point_mass | moderate | extreme_scale,evaluated,,24,2,22,2,True,10,17,7,95205,2,current_specialist_finalist,False,,False,1,0.3962703150216158,0.2134119100370759,True,ga_composite,robust,0.3962703150216158,0.2134119100370759,huber_k1,huber_k1,0.2061562745239838,0.2477841554992692,True,intra_family_profile_matched_fixed_weight_no_retraining,family_adjacent_rate_scale,312,32,24,20,40,1448256842,1.3712615814007414,0.814282431577307,3.460419641381619,3.8155435253450776,False,benchmark,huber_k1.75,huber_k1.75,huber_k1.75,0.556240584342458,0.3489496957454676,-1.4652310888466886,-1.3335238331026686,regime_specific_profile_no_free_lunch,True,0.1,24,32,20,40,1448256842,1.3712615814007414,0.814282431577307,0.3962703150216158,0.2134119100370759,3.460419641381619,3.8155435253450776,False,benchmark,huber_k1.75,huber_k1.75,huber_k1.75,0.556240584342458,0.3489496957454676,-1.4652310888466886,-1.3335238331026686,regime_specific_profile_no_free_lunch,exwald | first_passage_right_skewed | heavy_first_passage_tail | contaminated | point_mass | point_mass | moderate | extreme_scale | extreme_severity,shape=first_passage_right_skewed | tail=heavy_first_passage_tail | contamination=contaminated | direction=point_mass | structure=point_mass | severity=extreme_severity | rates={0.05;0.1} | scales={30} | types={point_mass},first_passage_right_skewed,heavy_first_passage_tail,point_mass,contaminated,point_mass,point_mass,moderate,extreme_scale,extreme_scale,2,4,3,extreme_severity,,0.05;0.1,30,point_mass,300;500;1000,0.0128690683942775,0.1968252718039717,0.0086029821570643,0.0307458792968233,0.0372123733845516,0.0290717553416913,0.0049812923573886,0.1428320931411598,0.0177522084385326,0.1465182208329349,0.0072172532115961,0.0094164671599533,0.0077616882872731,0.0102560848699776,0.0123575160245127,0.034010266273871,0.0238569512223746,0.0219547805814903,0.0183786832761035,0.0123263031750759,0.0237491874556044,0.069761999204381,0.0816459097032081,0.0122686796559574,0.0125635143907817,0.0150635703594425,0.01286907;0.19682527;0.00860298;0.03074588;0.03721237;0.02907176;0.00498129;0.14283209;0.01775221;0.14651822;0.00721725;0.00941647;0.00776169;0.01025608;0.01235752;0.03401027;0.02385695;0.02195478;0.01837868;0.0123263;0.02374919;0.069762;0.08164591;0.01226868;0.01256351;0.01506357,final_full_budget,5,3,0.5,0.5,0.25,1,,100
seed202,invgauss,REG01,invgauss | right_skewed_duration | heavy_right_tail | upper_tail | tail_outlier | moderate | mid_high_scale,evaluated,,12,12,0,0,False,10,9,3,95203,5,current_specialist_finalist,False,,False,0,0.0314220239233143,0.0121191679531679,False,benchmark,catoni_a0.5,0.0126850464659404,0.0035473413660669,catoni_a0.5,catoni_a0.5,-1.4770917478470238,-2.4164087129252896,True,intra_family_profile_matched_fixed_weight_no_retraining,family_direction_structure_adjacent_rate_scale,42,24,12,20,40,1856628999,0.1615521296750467,0.097701564250324,5.141366134281308,8.061738612733972,False,benchmark,huber,huber,huber_k1.75,0.1232253096596494,0.0804346706573557,-0.3110304215988226,-0.214669786693215,benchmark_dominant_local_and_profile,True,0.1,24,24,20,40,1856628999,0.1615521296750467,0.097701564250324,0.0314220239233143,0.0121191679531679,5.141366134281308,8.061738612733972,False,benchmark,huber,huber,huber_k1.75,0.1232253096596494,0.0804346706573557,-0.3110304215988226,-0.214669786693215,benchmark_dominant_local_and_profile,invgauss | right_skewed_duration | heavy_right_tail | contaminated | upper_tail | tail_outlier | moderate | moderate_scale | moderate_severity,shape=right_skewed_duration | tail=heavy_right_tail | contamination=contaminated | direction=upper_tail | structure=tail_outlier | severity=moderate_severity | rates={0.05;0.1} | scales={4.5;6;9;12;15;20} | types={upper_tail},right_skewed_duration,heavy_right_tail,upper_tail,contaminated,upper_tail,tail_outlier,moderate,moderate_scale,mid_high_scale,2,2,2,moderate_severity,,0.05;0.1,4.5;6;9;12;15;20,upper_tail,300;500;1000,0.0620024277552141,0.0379280730621942,0.0132555844565024,0.0192180487913318,0.0198137519655125,0.0260631157249685,0.0018390105257142,0.0177944148188464,0.0179331452871238,0.020875661068231,0.0219343368269835,0.0822528886470373,0.0080981429442298,0.0306985240663679,0.2144970270163697,0.0329207987826461,0.0189439423020001,0.1651497998939331,0.029168551144587,0.0259597798881992,0.0189109852811402,0.0271661975842926,0.0296103176187719,0.0368551553102774,0.0090729638453389,0.0120373553921851,0.06200243;0.03792807;0.01325558;0.01921805;0.01981375;0.02606312;0.00183901;0.01779441;0.01793315;0.02087566;0.02193434;0.08225289;0.00809814;0.03069852;0.21449703;0.0329208;0.01894394;0.1651498;0.02916855;0.02595978;0.01891099;0.0271662;0.02961032;0.03685516;0.00907296;0.01203736,final_full_budget,5,3,0.5,0.5,0.25,1,,100
seed202,invgauss,REG02,invgauss | right_skewed_duration | heavy_right_tail | point_mass | point_mass | moderate | mid_high_scale,evaluated,,12,12,0,0,False,10,9,3,95204,3,current_specialist_finalist,False,,False,0,0.0436418911420096,0.016242498217864,True,ga_composite,robust,0.0436418911420096,0.016242498217864,huber_k2,huber_k2,0.0532128413507236,0.1753195728283883,True,intra_family_profile_matched_fixed_weight_no_retraining,family_direction_structure_adjacent_rate_scale,42,24,12,20,40,848790647,0.1231563224063091,0.0631769494828956,2.821974923193397,3.889607905852933,False,benchmark,catoni_a0.5,catoni_a0.5,catoni_a0.5,0.118459116549887,0.0747443100035962,-0.0396525484334867,0.1547590782494243,regime_specific_profile_no_free_lunch,True,0.1,24,24,20,40,848790647,0.1231563224063091,0.0631769494828956,0.0436418911420096,0.016242498217864,2.821974923193397,3.889607905852933,False,benchmark,catoni_a0.5,catoni_a0.5,catoni_a0.5,0.118459116549887,0.0747443100035962,-0.0396525484334867,0.1547590782494243,regime_specific_profile_no_free_lunch,invgauss | right_skewed_duration | heavy_right_tail | contaminated | point_mass | point_mass | moderate | moderate_scale | moderate_severity,shape=right_skewed_duration | tail=heavy_right_tail | contamination=contaminated | direction=point_mass | structure=point_mass | severity=moderate_severity | rates={0.05;0.1} | scales={4.5;6;9;12;20} | types={point_mass},right_skewed_duration,heavy_right_tail,point_mass,contaminated,point_mass,point_mass,moderate,moderate_scale,mid_high_scale,2,2,2,moderate_severity,,0.05;0.1,4.5;6;9;12;20,point_mass,300;500;1000,0.0664060190381097,0.055799594496756,0.0123128851364153,0.0207513724752419,0.0188252743786722,0.0081880769584044,0.0036033471892659,0.0201893640511245,0.0129350162043399,0.0132712990998731,0.0173010426806406,0.0246457578023745,0.0068348329563508,0.0280494415563151,0.0179313003961182,0.009929436551018,0.018484779695164,0.0194159576041793,0.0964275705520475,0.0947176259877878,0.08119485474788,0.0246427055486476,0.0137986614830067,0.0168901821440339,0.1941046092095056,0.1033489920567262,0.06640602;0.05579959;0.01231289;0.02075137;0.01882527;0.00818808;0.00360335;0.02018936;0.01293502;0.0132713;0.01730104;0.02464576;0.00683483;0.02804944;0.0179313;0.00992944;0.01848478;0.01941596;0.09642757;0.09471763;0.08119485;0.02464271;0.01379866;0.01689018;0.19410461;0.10334899,final_full_budget,5,3,0.5,0.5,0.25,1,,100
seed202,invgauss,REG03,invgauss | right_skewed_duration | heavy_right_tail | upper_tail | tail_outlier | high | low_scale,evaluated,,22,4,18,3,True,10,16,6,95205,6,protected_previous_stage_elite,True,previous_stage_elite,True,1,0.0449744934721636,0.0162942977098867,True,ga_composite,robust,0.0449744934721636,0.0162942977098867,catoni_a0.5,catoni_a0.5,0.0833759757127517,0.1758933350474439,True,intra_family_profile_matched_fixed_weight_no_retraining,family_direction_adjacent_rate_scale,58,24,22,20,40,1988435942,0.1775926813023592,0.1029766674587731,3.948742222262699,6.3197978388458775,False,benchmark,huber_k1,huber_k1,huber,0.141694773771553,0.0916493725273925,-0.2533467295584884,-0.1235938077794422,regime_specific_profile_no_free_lunch,True,0.1,24,24,20,40,1988435942,0.1775926813023592,0.1029766674587731,0.0449744934721636,0.0162942977098867,3.948742222262699,6.3197978388458775,False,benchmark,huber_k1,huber_k1,huber,0.141694773771553,0.0916493725273925,-0.2533467295584884,-0.1235938077794422,regime_specific_profile_no_free_lunch,invgauss | right_skewed_duration | heavy_right_tail | contaminated | upper_tail | tail_outlier | high | low_scale | high_severity,shape=right_skewed_duration | tail=heavy_right_tail | contamination=contaminated | direction=upper_tail | structure=tail_outlier | severity=high_severity | rates={0.2} | scales={3} | types={upper_tail},right_skewed_duration,heavy_right_tail,upper_tail,contaminated,upper_tail,tail_outlier,high,low_scale,low_scale,3,1,1,high_severity,,0.2,3,upper_tail,300;1000,0.0419544478478264,0.0492328285224782,0.0091087107486762,0.009349168434527,0.0667837588817673,0.0080358361380852,0.0020041390340153,0.0322432437616048,0.0105145942342082,0.0103973309719611,0.0154348379636335,0.0108731060597038,0.0150870989080627,0.0091238474670733,0.0422562584463605,0.017349811335627,0.0748266713868984,0.0180082806352613,0.4346755955723908,0.0331638320474643,0.0087895434279969,0.0178873432891164,0.0248960717376811,0.0115691796381607,0.0152212698156202,0.0112131936937983,0.04195445;0.04923283;0.00910871;0.00934917;0.06678376;0.00803584;0.00200414;0.03224324;0.01051459;0.01039733;0.01543484;0.01087311;0.0150871;0.00912385;0.04225626;0.01734981;0.07482667;0.01800828;0.4346756;0.03316383;0.00878954;0.01788734;0.02489607;0.01156918;0.01522127;0.01121319,final_full_budget,5,3,0.5,0.5,0.25,1,,100
seed202,lognormal,REG01,lognormal | right_skewed | heavy_right_tail | upper_tail | tail_outlier | moderate | extreme_scale,evaluated,,24,2,22,2,True,10,17,7,95203,6,protected_previous_stage_elite,True,previous_stage_elite,True,1,0.1129468207622953,0.0583431633977482,False,benchmark,huber_k1,0.0997184481439257,0.0517353391959344,huber_k1,huber_k1,-0.1326572250617465,-0.127723608357154,True,intra_family_profile_matched_fixed_weight_no_retraining,family_direction_adjacent_rate_scale,60,24,24,20,40,905727388,0.2262869831371499,0.1515264004017887,2.003482538135214,2.597157774359554,False,benchmark,huber,huber,huber_k1.75,0.2258227022250341,0.1416292019241747,-0.0020559532214397,-0.0698810580239158,benchmark_dominant_local_and_profile,True,0.1,24,24,20,40,905727388,0.2262869831371499,0.1515264004017887,0.1129468207622953,0.0583431633977482,2.003482538135214,2.597157774359554,False,benchmark,huber,huber,huber_k1.75,0.2258227022250341,0.1416292019241747,-0.0020559532214397,-0.0698810580239158,benchmark_dominant_local_and_profile,lognormal | right_skewed | heavy_right_tail | contaminated | upper_tail | tail_outlier | moderate | extreme_scale | extreme_severity,shape=right_skewed | tail=heavy_right_tail | contamination=contaminated | direction=upper_tail | structure=tail_outlier | severity=extreme_severity | rates={0.1} | scales={30} | types={upper_tail},right_skewed,heavy_right_tail,upper_tail,contaminated,upper_tail,tail_outlier,moderate,extreme_scale,extreme_scale,2,4,3,extreme_severity,,0.1,30,upper_tail,300;500;1000,0.018674294914117,0.3020797759913147,0.0114154656411147,0.0071680072269095,0.1727678104875541,0.0043922753999538,0.0008112563427642311,0.0066208912239675,0.0069169827198281,0.0091890346186952,0.0044353532799505,0.0053801904831418,0.0060604828283451,0.0050311414669528,0.0074446576599318,0.0027117168419627,0.006456197553768,0.007866864638754,0.1403466296062221,0.0141795078026879,0.0116266465371189,0.2195924977996372,0.006380044496146,0.0070776560771621,0.0094012415985188,0.0059733767634804,0.01867429;0.30207978;0.01141547;0.00716801;0.17276781;0.00439228;0.00081126;0.00662089;0.00691698;0.00918903;0.00443535;0.00538019;0.00606048;0.00503114;0.00744466;0.00271172;0.0064562;0.00786686;0.14034663;0.01417951;0.01162665;0.2195925;0.00638004;0.00707766;0.00940124;0.00597338,final_full_budget,5,3,0.5,0.5,0.25,1,,100
seed202,lognormal,REG02,lognormal | right_skewed | heavy_right_tail | upper_tail | tail_outlier | extreme | low_scale,evaluated,,18,2,16,2,True,10,13,5,95204,6,protected_previous_stage_elite,True,previous_stage_elite,True,1,0.131402201185587,0.0729100781986145,False,benchmark,huber,0.1230405038244712,0.0693429228782961,huber,huber_k1.75,-0.0679589005338965,-0.0514422405661743,True,intra_family_profile_matched_fixed_weight_no_retraining,family_direction_adjacent_rate_scale,30,24,18,20,40,2045372683,0.2960125113421343,0.1803445415363279,2.2527211010857098,2.4735200673160347,False,benchmark,median,median,huber_k0.75,0.1427378033012475,0.081267880169147,-1.0738200006926495,-1.2191367753133031,benchmark_dominant_local_and_profile,True,0.1,24,24,20,40,2045372683,0.2960125113421343,0.1803445415363279,0.131402201185587,0.0729100781986145,2.2527211010857098,2.4735200673160347,False,benchmark,median,median,huber_k0.75,0.1427378033012475,0.081267880169147,-1.0738200006926495,-1.2191367753133031,benchmark_dominant_local_and_profile,lognormal | right_skewed | heavy_right_tail | contaminated | upper_tail | tail_outlier | extreme | low_scale | extreme_severity,shape=right_skewed | tail=heavy_right_tail | contamination=contaminated | direction=upper_tail | structure=tail_outlier | severity=extreme_severity | rates={0.3} | scales={1.5;3} | types={upper_tail},right_skewed,heavy_right_tail,upper_tail,contaminated,upper_tail,tail_outlier,extreme,low_scale,low_scale,4,1,1,extreme_severity,,0.3,1.5;3,upper_tail,300;500;1000,0.0147268709286548,0.5332979636248493,0.0126372143321243,0.0095888128275393,0.1024434128218174,0.0019522754068875,0.00045550711849844095,0.0022998935094987,0.0069976393349682,0.0100710881318187,0.0029528873533972,0.0050274975226734,0.0054249811888044,0.0022994294932722,0.0087292647869243,0.0019357670877462,0.001963125180594,0.0058493939463872,0.2202219418869265,0.0108155255866058,0.0032287993980802,0.0122413010049091,0.0057734860839297,0.0068577014683414,0.0073042646165066,0.0049039553582439,0.01472687;0.53329796;0.01263721;0.00958881;0.10244341;0.00195228;0.00045551;0.00229989;0.00699764;0.01007109;0.00295289;0.0050275;0.00542498;0.00229943;0.00872926;0.00193577;0.00196313;0.00584939;0.22022194;0.01081553;0.0032288;0.0122413;0.00577349;0.0068577;0.00730426;0.00490396,final_full_budget,5,3,0.5,0.5,0.25,1,,100
seed202,lognormal,REG03,lognormal | right_skewed | heavy_right_tail | upper_tail | clustered | extreme | low_scale,evaluated,,18,2,16,2,True,10,13,5,95205,6,protected_previous_stage_elite,True,previous_stage_elite,True,1,0.1272713311443022,0.0627578340241592,False,benchmark,huber_k1,0.0876505625787008,0.0452596804131005,huber_k1,huber_k1,-0.4520309670525407,-0.3866168176832107,True,intra_family_profile_matched_fixed_weight_no_retraining,family_direction_adjacent_rate_scale,30,24,18,20,40,1037534331,0.3345894872777039,0.2152323568668835,2.628946238455792,3.429569554306132,False,benchmark,median,median,median,0.1205620252650191,0.0726669084856866,-1.775247732778501,-1.9619033112894333,benchmark_dominant_local_and_profile,True,0.1,24,24,20,40,1037534331,0.3345894872777039,0.2152323568668835,0.1272713311443022,0.0627578340241592,2.628946238455792,3.429569554306132,False,benchmark,median,median,median,0.1205620252650191,0.0726669084856866,-1.775247732778501,-1.9619033112894333,benchmark_dominant_local_and_profile,lognormal | right_skewed | heavy_right_tail | contaminated | upper_tail | clustered | extreme | low_scale | extreme_severity,shape=right_skewed | tail=heavy_right_tail | contamination=contaminated | direction=upper_tail | structure=clustered | severity=extreme_severity | rates={0.3} | scales={1.5;3} | types={clustered_upper},right_skewed,heavy_right_tail,clustered_upper,contaminated,upper_tail,clustered,extreme,low_scale,low_scale,4,1,1,extreme_severity,,0.3,1.5;3,clustered_upper,300;500;1000,0.0090511600914491,0.0776295310714225,0.0180235322137466,0.0064877332011499,0.0399667925213322,0.0029544948261961,0.0011511950231699,0.0115798442659259,0.009626040329136,0.0088734929357532,0.0027644076854903,0.0043259047041677,0.0040018524412696,0.0058489164966552,0.0118076713252176,0.0030694155068593,0.0084058083197866,0.0136113956250408,0.0336513145312228,0.1242636025061134,0.0069730902311525,0.5700532011476577,0.0056826084499872,0.0046713427718365,0.0100042358916031,0.0055214158866569,0.00905116;0.07762953;0.01802353;0.00648773;0.03996679;0.00295449;0.0011512;0.01157984;0.00962604;0.00887349;0.00276441;0.0043259;0.00400185;0.00584892;0.01180767;0.00306942;0.00840581;0.0136114;0.03365131;0.1242636;0.00697309;0.5700532;0.00568261;0.00467134;0.01000424;0.00552142,final_full_budget,5,3,0.5,0.5,0.25,1,,100
seed202,normal,REG01,normal | symmetric | light_tail | symmetric | heavy_tailed_t | moderate | extreme_scale,evaluated,,16,2,14,2,True,10,12,4,95203,1,current_specialist_finalist,False,,False,0,0.0540367959021418,0.0130128097252722,False,benchmark,biweight,0.0537687176343893,0.0131032165286146,biweight,biweight,-0.0049857664371007,0.0068995885962861,True,intra_family_profile_matched_fixed_weight_no_retraining,family_direction_structure_adjacent_rate_scale,26,24,16,20,40,1133568399,0.0584481656229027,0.011849370723809,1.081636404343219,0.91059279072419,False,benchmark,biweight,biweight,biweight,0.0578246868351546,0.0118477526387186,-0.0107822250644382,-0.00013657316620405092,benchmark_dominant_local_and_profile,True,0.1,24,24,20,40,1133568399,0.0584481656229027,0.011849370723809,0.0540367959021418,0.0130128097252722,1.081636404343219,0.91059279072419,False,benchmark,biweight,biweight,biweight,0.0578246868351546,0.0118477526387186,-0.0107822250644382,-0.00013657316620405092,benchmark_dominant_local_and_profile,normal | symmetric | light_tail | contaminated | symmetric | heavy_tailed_t | moderate | extreme_scale | extreme_severity,shape=symmetric | tail=light_tail | contamination=contaminated | direction=symmetric | structure=heavy_tailed_t | severity=extreme_severity | rates={0.05;0.1} | scales={30} | types={symmetric_t},symmetric,light_tail,symmetric_t,contaminated,symmetric,heavy_tailed_t,moderate,extreme_scale,extreme_scale,2,4,3,extreme_severity,,0.05;0.1,30,symmetric_t,300;500;1000,5.354807225040343e-05,0.00023407266053820773,5.461872854942421e-05,1e-12,1e-12,2.9152832242010077e-05,7.669041221330833e-06,0.0005845919373140789,0.1025790993475426,0.8439547575929243,1.332062532378764e-05,2.3995365502255228e-05,0.0377409846409281,6.466485818017252e-05,6.21972559130637e-06,1.690601883602107e-05,1.0234044323722244e-05,2.642671501637414e-05,1.7205969303220163e-05,0.00012908312252139713,3.472202255732157e-05,0.00016897018130124746,0.00012418382712850822,2.396580381023676e-05,0.0140646354333823,3.697143171160798e-05,5.355e-05;0.00023407;5.462e-05;0;0;2.915e-05;7.67e-06;0.00058459;0.1025791;0.84395476;1.332e-05;2.4e-05;0.03774098;6.466e-05;6.22e-06;1.691e-05;1.023e-05;2.643e-05;1.721e-05;0.00012908;3.472e-05;0.00016897;0.00012418;2.397e-05;0.01406464;3.697e-05,final_full_budget,5,3,0.5,0.5,0.25,1,,100
seed202,normal,REG02,normal | symmetric | light_tail | symmetric | heavy_tailed_t | high | mid_high_scale,evaluated,,12,12,0,0,False,10,9,3,95204,1,current_specialist_finalist,False,,False,1,0.0568227259894691,0.0153092886209736,True,ga_composite,robust,0.0568227259894691,0.0153092886209736,biweight,biweight,0.0699231673270278,0.0167729726109142,True,intra_family_profile_matched_fixed_weight_no_retraining,family_direction_structure_adjacent_rate_scale,33,24,12,20,40,125730047,0.0558173054786565,0.0130247838922678,0.982306014111656,0.8507765588515455,False,benchmark,biweight,biweight,biweight,0.0497879741034725,0.0117786386538674,-0.1211001548794155,-0.105797051332878,regime_specific_profile_no_free_lunch,True,0.1,24,24,20,40,125730047,0.0558173054786565,0.0130247838922678,0.0568227259894691,0.0153092886209736,0.982306014111656,0.8507765588515455,False,benchmark,biweight,biweight,biweight,0.0497879741034725,0.0117786386538674,-0.1211001548794155,-0.105797051332878,regime_specific_profile_no_free_lunch,normal | symmetric | light_tail | contaminated | symmetric | heavy_tailed_t | high | moderate_scale | high_severity,shape=symmetric | tail=light_tail | contamination=contaminated | direction=symmetric | structure=heavy_tailed_t | severity=high_severity | rates={0.15;0.2} | scales={4.5;6;9;12;15;20} | types={symmetric_t},symmetric,light_tail,symmetric_t,contaminated,symmetric,heavy_tailed_t,high,moderate_scale,mid_high_scale,3,2,2,high_severity,,0.15;0.2,4.5;6;9;12;15;20,symmetric_t,300;500;1000,0.0003733034386946608,0.0003473017566118799,0.0006018021738069465,1e-12,1e-12,0.00011870057884325885,3.1540975965169134e-05,0.0005973228690644691,0.0769022391629299,0.5661072959970782,6.872507137294398e-05,0.00021466743222232863,0.3274645391568908,0.000300061201596593,0.0001894295151504068,0.0002315573146777084,0.0006956201333740059,0.0007477490060209843,5.248563805207342e-05,0.0002448129156959397,0.00014532771717878736,0.0040646832923808,0.0022842731281705,0.0051870454967413,0.0128449791627069,0.00018453686277307535,0.0003733;0.0003473;0.0006018;0;0;0.0001187;3.154e-05;0.00059732;0.07690224;0.5661073;6.873e-05;0.00021467;0.32746454;0.00030006;0.00018943;0.00023156;0.00069562;0.00074775;5.249e-05;0.00024481;0.00014533;0.00406468;0.00228427;0.00518705;0.01284498;0.00018454,final_full_budget,5,3,0.5,0.5,0.25,1,,100
seed202,normal,REG03,normal | symmetric | light_tail | symmetric | clustered | moderate | extreme_scale,evaluated,,24,2,22,3,True,10,17,7,95205,2,current_specialist_finalist,False,,False,1,0.0680107959660792,0.0169611024804032,False,benchmark,biweight,0.0678693978921901,0.0169384018211561,biweight,biweight,-0.0020833848284863,-0.0013401889673787,True,intra_family_profile_matched_fixed_weight_no_retraining,family_direction_adjacent_rate_scale,60,24,24,20,40,1265375342,0.0521981084474487,0.0122140773926386,0.7674973907483063,0.7201228461434404,True,ga_composite,robust,biweight,biweight,0.0529402152641705,0.0124334349035391,0.0140178277138586,0.0176425511200015,profile_only_unexpected,True,0.1,24,24,20,40,1265375342,0.0521981084474487,0.0122140773926386,0.0680107959660792,0.0169611024804032,0.7674973907483063,0.7201228461434404,True,ga_composite,robust,biweight,biweight,0.0529402152641705,0.0124334349035391,0.0140178277138586,0.0176425511200015,profile_only_unexpected,normal | symmetric | light_tail | contaminated | symmetric | clustered | moderate | extreme_scale | extreme_severity,shape=symmetric | tail=light_tail | contamination=contaminated | direction=symmetric | structure=clustered | severity=extreme_severity | rates={0.05;0.1} | scales={30} | types={clustered_symmetric},symmetric,light_tail,clustered_symmetric,contaminated,symmetric,clustered,moderate,extreme_scale,extreme_scale,2,4,3,extreme_severity,,0.05;0.1,30,clustered_symmetric,300;500;1000,5.528790807552473e-05,0.00023055035567631744,0.00012997687854797996,1e-12,1e-12,3.009945420578877e-05,7.877616021526644e-06,0.0005732602951607648,0.1003591371777409,0.8248365542123653,1.384436837909443e-05,3.636843303717133e-05,0.0390773937452372,6.528781615151196e-05,8.01521780410943e-06,1.842899657302861e-05,1.5227954371804997e-05,3.157748081074069e-05,1.7656918774206013e-05,0.00014699824937510668,3.600872047707896e-05,0.0008403489061526859,0.0025337487613223,0.00015194966863775187,0.030460870118322,0.00032353074478001125,5.529e-05;0.00023055;0.00012998;0;0;3.01e-05;7.88e-06;0.00057326;0.10035914;0.82483655;1.384e-05;3.637e-05;0.03907739;6.529e-05;8.02e-06;1.843e-05;1.523e-05;3.158e-05;1.766e-05;0.000147;3.601e-05;0.00084035;0.00253375;0.00015195;0.03046087;0.00032353,final_full_budget,5,3,0.5,0.5,0.25,1,,100
seed202,weibull,REG01,weibull | right_skewed_flexible_shape | flexible_tail | upper_tail | tail_outlier | moderate | extreme_scale,evaluated,,24,2,22,2,True,10,17,7,95203,1,current_specialist_finalist,False,,False,0,0.0955280878633281,0.0491258932384147,False,benchmark,huber_k1.75,0.0930244272316093,0.0502877416855072,huber_k1.75,huber_k1.75,-0.0269140128695268,0.0231040092103455,True,intra_family_profile_matched_fixed_weight_no_retraining,family_direction_adjacent_rate_scale,60,24,24,20,40,2031936296,0.1647581543310202,0.1002577447546415,1.724709015059684,2.04083301378432,True,ga_composite,robust,huber,huber_k1.75,0.172392005101767,0.1128108252191782,0.0442819303957629,0.1112754954148794,profile_only_unexpected,True,0.1,24,24,20,40,2031936296,0.1647581543310202,0.1002577447546415,0.0955280878633281,0.0491258932384147,1.724709015059684,2.04083301378432,True,ga_composite,robust,huber,huber_k1.75,0.172392005101767,0.1128108252191782,0.0442819303957629,0.1112754954148794,profile_only_unexpected,weibull | right_skewed_flexible_shape | flexible_tail | contaminated | upper_tail | tail_outlier | moderate | extreme_scale | extreme_severity,shape=right_skewed_flexible_shape | tail=flexible_tail | contamination=contaminated | direction=upper_tail | structure=tail_outlier | severity=extreme_severity | rates={0.05;0.1} | scales={30} | types={upper_tail},right_skewed_flexible_shape,flexible_tail,upper_tail,contaminated,upper_tail,tail_outlier,moderate,extreme_scale,extreme_scale,2,4,3,extreme_severity,,0.05;0.1,30,upper_tail,300;500;1000,0.0086255024842349,0.0313791378455782,0.0557265164962112,0.0066644573824693,0.0080998194358338,0.0025409302622026,0.0013759524854632,0.0182118851144978,0.0188099086881699,0.0209657638364127,0.008468890079743,0.0077169912915302,0.0074987692056925,0.0116053287436073,0.0179701056358666,0.0092979824270791,0.0147057191206005,0.0149428421721696,0.1412705523890665,0.1095095818009318,0.0082625986818823,0.3202214850444896,0.0446032748800506,0.008459152477103,0.0211257183782097,0.0819411336409029,0.0086255;0.03137914;0.05572652;0.00666446;0.00809982;0.00254093;0.00137595;0.01821189;0.01880991;0.02096576;0.00846889;0.00771699;0.00749877;0.01160533;0.01797011;0.00929798;0.01470572;0.01494284;0.14127055;0.10950958;0.0082626;0.32022149;0.04460327;0.00845915;0.02112572;0.08194113,final_full_budget,5,3,0.5,0.5,0.25,1,,100
seed202,weibull,REG02,weibull | right_skewed_flexible_shape | flexible_tail | point_mass | point_mass | moderate | extreme_scale,evaluated,,24,2,22,2,True,10,17,7,95204,3,current_specialist_finalist,False,,False,0,0.0688345999164796,0.0392258719858672,True,ga_composite,robust,0.0688345999164796,0.0392258719858672,huber,huber,0.2361340093549306,0.2906033421515704,True,intra_family_profile_matched_fixed_weight_no_retraining,family_adjacent_rate_scale,312,32,24,20,40,1024097944,0.26141395128342,0.2039558143390946,3.797711493882561,5.199522764143485,False,benchmark,catoni_a0.5,catoni_a0.5,catoni_a0.5,0.1777341765181969,0.1192495627492301,-0.4708142035709425,-0.7103275654543308,regime_specific_profile_no_free_lunch,True,0.1,24,32,20,40,1024097944,0.26141395128342,0.2039558143390946,0.0688345999164796,0.0392258719858672,3.797711493882561,5.199522764143485,False,benchmark,catoni_a0.5,catoni_a0.5,catoni_a0.5,0.1777341765181969,0.1192495627492301,-0.4708142035709425,-0.7103275654543308,regime_specific_profile_no_free_lunch,weibull | right_skewed_flexible_shape | flexible_tail | contaminated | point_mass | point_mass | moderate | extreme_scale | extreme_severity,shape=right_skewed_flexible_shape | tail=flexible_tail | contamination=contaminated | direction=point_mass | structure=point_mass | severity=extreme_severity | rates={0.05;0.1} | scales={30} | types={point_mass},right_skewed_flexible_shape,flexible_tail,point_mass,contaminated,point_mass,point_mass,moderate,extreme_scale,extreme_scale,2,4,3,extreme_severity,,0.05;0.1,30,point_mass,300;500;1000,0.0219399343954628,0.0175668030231485,0.0125996390284823,0.0079375091019535,0.0143674171220361,0.0034629865867421,0.0008744163415917737,0.0288590558305419,0.0263399240444826,0.0519916572270469,0.0040927671822824,0.008591279810862,0.0101845882177432,0.0124004565328093,0.0111269914494405,0.0138387638170335,0.0131318605991796,0.0095990522674641,0.0533228033259719,0.0322868563575669,0.0861478502763841,0.353407292301357,0.1511333089324831,0.0205452750683523,0.0084902546795232,0.0257612564800575,0.02193993;0.0175668;0.01259964;0.00793751;0.01436742;0.00346299;0.00087442;0.02885906;0.02633992;0.05199166;0.00409277;0.00859128;0.01018459;0.01240046;0.01112699;0.01383876;0.01313186;0.00959905;0.0533228;0.03228686;0.08614785;0.35340729;0.15113331;0.02054528;0.00849025;0.02576126,final_full_budget,5,3,0.5,0.5,0.25,1,,100
seed202,weibull,REG03,weibull | right_skewed_flexible_shape | flexible_tail | upper_tail | clustered | high | mid_high_scale,evaluated,,12,12,0,0,False,10,9,3,95205,5,current_specialist_finalist,False,,False,1,0.080017787322966,0.0433798933781998,False,benchmark,winsorized_0.05,0.0244465299147615,0.0068380484336997,winsorized_0.05,catoni_a0.5,-2.2731756858618906,-5.343899694987223,True,intra_family_profile_matched_fixed_weight_no_retraining,family_direction_structure_adjacent_rate_scale,33,24,12,20,40,16259592,0.2988749518536358,0.1891819261167855,3.735106428819236,4.36105097039026,False,benchmark,biweight,biweight,huber_k1,0.2367024259036054,0.1697634719574313,-0.2626611269927874,-0.1143853500128049,benchmark_dominant_local_and_profile,True,0.1,24,24,20,40,16259592,0.2988749518536358,0.1891819261167855,0.080017787322966,0.0433798933781998,3.735106428819236,4.36105097039026,False,benchmark,biweight,biweight,huber_k1,0.2367024259036054,0.1697634719574313,-0.2626611269927874,-0.1143853500128049,benchmark_dominant_local_and_profile,weibull | right_skewed_flexible_shape | flexible_tail | contaminated | upper_tail | clustered | high | moderate_scale | high_severity,shape=right_skewed_flexible_shape | tail=flexible_tail | contamination=contaminated | direction=upper_tail | structure=clustered | severity=high_severity | rates={0.15;0.2} | scales={4.5;6;9;12;15;20} | types={clustered_upper},right_skewed_flexible_shape,flexible_tail,clustered_upper,contaminated,upper_tail,clustered,high,moderate_scale,mid_high_scale,3,2,2,high_severity,,0.15;0.2,4.5;6;9;12;15;20,clustered_upper,300;500;1000,0.0563015925057696,0.0528973422080301,0.0206935834423195,0.0073282579218169,0.0071628801309772,0.003039706986318,0.0007685991270149717,0.0161925019574063,0.0864382111717857,0.0428366615425719,0.0066951689643949,0.0043636537489103,0.0092216416140397,0.005980157876027,0.0059839193655537,0.0075688335845542,0.0079876796106671,0.0047489510451171,0.0165942893404195,0.0140357279076222,0.0277248168072084,0.1074366399497508,0.0729916625058322,0.3989268434854583,0.0070487468856782,0.0090319303147549,0.05630159;0.05289734;0.02069358;0.00732826;0.00716288;0.00303971;0.0007686;0.0161925;0.08643821;0.04283666;0.00669517;0.00436365;0.00922164;0.00598016;0.00598392;0.00756883;0.00798768;0.00474895;0.01659429;0.01403573;0.02772482;0.10743664;0.07299166;0.39892684;0.00704875;0.00903193,final_full_budget,5,3,0.5,0.5,0.25,1,,100
