path,bytes
.devcontainer/devcontainer.json,1034
.gitignore,92
AGENTS.md,3142
app.py,294
assets/style.css,3000
assets/university_of_hull_logo.jpeg,24639
CODEX_START_HERE.md,392
data/processed/.gitkeep,0
data/processed/dashboard_cases.csv,7880
data/processed/data_health.json,189
data/processed/winners_all.csv,89071
data/raw/dirichlet/abstain_audit_results.csv,6479
data/raw/dirichlet/abstain_audit_summary_by_regime.csv,1387
data/raw/dirichlet/dirichlet_signal_regime_modes.csv,2358
data/raw/discovery/combined_final_regime_results_all_rows.csv,16456
data/raw/discovery/ga_winner_candidates_for_q1.csv,5689
data/raw/discovery/winner_summaries/seed101/exgaussian/REGIME_FIRST_WINNER_SUMMARY__seed101.csv,10390
data/raw/discovery/winner_summaries/seed101/exwald/REGIME_FIRST_WINNER_SUMMARY__seed101.csv,10517
data/raw/discovery/winner_summaries/seed101/invgauss/REGIME_FIRST_WINNER_SUMMARY__seed101.csv,10467
data/raw/discovery/winner_summaries/seed101/lognormal/REGIME_FIRST_WINNER_SUMMARY__seed101.csv,10203
data/raw/discovery/winner_summaries/seed101/normal/REGIME_FIRST_WINNER_SUMMARY__seed101.csv,10009
data/raw/discovery/winner_summaries/seed101/weibull/REGIME_FIRST_WINNER_SUMMARY__seed101.csv,10370
data/raw/discovery/winner_summaries/seed202/exgaussian/REGIME_FIRST_WINNER_SUMMARY__seed202.csv,10465
data/raw/discovery/winner_summaries/seed202/exwald/REGIME_FIRST_WINNER_SUMMARY__seed202.csv,10355
data/raw/discovery/winner_summaries/seed202/invgauss/REGIME_FIRST_WINNER_SUMMARY__seed202.csv,10336
data/raw/discovery/winner_summaries/seed202/lognormal/REGIME_FIRST_WINNER_SUMMARY__seed202.csv,10184
data/raw/discovery/winner_summaries/seed202/normal/REGIME_FIRST_WINNER_SUMMARY__seed202.csv,9977
data/raw/discovery/winner_summaries/seed202/weibull/REGIME_FIRST_WINNER_SUMMARY__seed202.csv,10314
data/raw/evidence/evidence_grade_by_family.csv,243
data/raw/evidence/evidence_taxonomy_all_candidates.csv,23712
data/raw/evidence/validated_specialists.csv,2708
data/raw/validation/bootstrap_ci.csv,110734
data/raw/validation/final_decision_table.csv,4527
data/raw/validation/seed_level_expanded_gate.csv,106229
data/raw/validation/selected_regimes.csv,80752
docs/7_DAY_SPRINT.md,861
docs/ACCEPTANCE_CRITERIA.md,2282
docs/DATA_MANIFEST.md,2518
docs/DEFENSE_SCRIPT_MAP.md,1178
docs/DEPLOYMENT.md,1213
docs/MASTER_PLAN.md,2750
docs/REPOSITORY_HEALTH.md,3688
docs/Robust_Estimators_Lab_Dashboard_Project_Plan.pdf,806586
docs/SCIENTIFIC_GUARDRAILS.md,2412
docs/STYLE_GUIDE.md,1121
PORTABLE_README.md,387
PROJECT_INVENTORY.csv,4060
pyproject.toml,131
README_FIRST.md,385
README.md,1324
requirements.txt,187
run_linux_mac.sh,176
run_windows.ps1,163
scripts/build_processed_data.py,1665
scripts/verify_sources.py,804
src/__init__.py,4858
src/app_meta.py,243
src/cluster_evolution.py,12659
src/conclusions_presenter_notes.py,1868
src/conclusions.py,12188
src/constants.py,391
src/cover_page.py,14469
src/cover_presenter_notes.py,214
src/cover_runtime.py,1809
src/data_loader.py,1809
src/data_world_presenter_notes.py,2559
src/data_world.py,16084
src/defense_mode.py,13012
src/defense_runtime.py,14662
src/estimators.py,1472
src/experiment_pipeline.py,12726
src/final_presenter_notes.py,13884
src/fixed_simplex.py,5095
src/layer6_runtime.py,4254
src/mini_ga.py,6282
src/monte_carlo_layer.py,20228
src/monte_carlo_presenter_notes.py,4307
src/presenter_catalog.py,5715
src/presenter_companion_runtime.py,1370
src/presenter_companion.py,11706
src/presenter_formula_guides.py,8954
src/presenter_launcher_runtime.py,1455
src/presenter_notes_style.py,4191
src/presenter_sync.py,3615
src/research_logic.py,19123
src/research_presenter_notes.py,3340
src/results_journey_polished.py,18192
src/results_page.py,9181
src/results_presenter_notes.py,4266
src/simplex_svg.py,5834
src/simplex.py,11027
src/synthetic_data.py,2167
src/technical_appendix.py,43774
src/technical_presenter_notes.py,5519
src/thesis_ga_architecture.py,23740
src/thesis_ga_presenter_notes.py,6907
streamlit_app.py,97314
tests/test_data_contracts.py,1270
tests/test_estimators.py,494
tests/test_simplex.py,2275
